Conflict,Region,Criminal,Foreign,Terrorism,Territorial,Ethnic,Separatist,Age,Intensity,Casualities,IDP,Refugees,SameYearFatalities,SameYearRefugees,SameYearIDP,Score,Controversy,Sentiment,Author,Subreddit,logscore
Mexico-Cartels,Caribbean_and_the_Americas,TRUE,TRUE,FALSE,FALSE,FALSE,FALSE,9,2,92339,160000,13024,18000,184,160000,-41,0,Negative,clint_taurus,AskReddit,-2.6127838567
Syria,Middle_East_and_North_Africa,FALSE,TRUE,TRUE,FALSE,FALSE,FALSE,4,3,186500,7600000,4867560,60000,789944,2000000,-15,0,Negative,steve0suprem0,pics,-2.1760912591
Turkey-PKK,Europe,FALSE,FALSE,TRUE,FALSE,FALSE,TRUE,31,2,43530,954000,NA,140,518,954000,-13,0,Negative,SuperDrink,worldnews,-2.1139433523
Philippines-NPA,East_Asia_and_Australasia,FALSE,FALSE,TRUE,FALSE,FALSE,FALSE,46,1,41710,NA,NA,200,NA,7000,-10,0,Negative,jandre_lj,Libertarian,-2
Syria,Middle_East_and_North_Africa,FALSE,TRUE,TRUE,FALSE,FALSE,FALSE,4,3,186500,7600000,4867560,49000,2231802,6500000,-10,0,Negative,FionaSarah,starcraft,-2
Myanmar,East_Asia_and_Australasia,FALSE,FALSE,FALSE,FALSE,TRUE,FALSE,30,2,17260,643000,NA,150,83177,640767,-9,0,VeryNegative,ausm8,australia,-1.9542425094
Mexico-Cartels,Caribbean_and_the_Americas,TRUE,TRUE,FALSE,FALSE,FALSE,FALSE,9,2,92339,160000,13024,12000,568,160000,-8,0,Negative,chivista,worldnews,-1.903089987
Turkey-PKK,Europe,FALSE,FALSE,TRUE,FALSE,FALSE,TRUE,31,2,43530,954000,NA,140,518,954000,-7,1,Negative,erdemece,worldnews,-1.84509804
Syria,Middle_East_and_North_Africa,FALSE,TRUE,TRUE,FALSE,FALSE,FALSE,4,3,186500,7600000,4867560,49000,2231802,6500000,-7,0,Negative,ronintetsuro,politics,-1.84509804
Turkey-PKK,Europe,FALSE,FALSE,TRUE,FALSE,FALSE,TRUE,31,2,43530,954000,NA,140,518,954000,-6,0,Negative,myringotomy,worldnews,-1.7781512504
Philippines-NPA,East_Asia_and_Australasia,FALSE,FALSE,TRUE,FALSE,FALSE,FALSE,46,1,41710,NA,NA,200,NA,7000,-5,0,Negative,NeoPlatonist,todayilearned,-1.6989700043
Peru-Shining_Path,Caribbean_and_the_Americas,FALSE,FALSE,TRUE,FALSE,FALSE,FALSE,20,0,669,150000,NA,14,NA,150000,-5,0,Negative,JonathanZips,politics,-1.6989700043
United_Kingdom-Northern_Ireland,Europe,TRUE,FALSE,TRUE,FALSE,FALSE,TRUE,46,0,3678,NA,NA,1,NA,NA,-5,0,Negative,GladeAnator,anime,-1.6989700043
Myanmar,East_Asia_and_Australasia,FALSE,FALSE,FALSE,FALSE,TRUE,FALSE,30,2,17260,643000,NA,150,83177,640767,-4,0,Negative,hachiko007,worldnews,-1.6020599913
Mexico-Cartels,Caribbean_and_the_Americas,TRUE,TRUE,FALSE,FALSE,FALSE,FALSE,9,2,92339,160000,13024,12000,568,160000,-4,0,Negative,aPerfectBacon,WTF,-1.6020599913
United_Kingdom-Northern_Ireland,Europe,TRUE,FALSE,TRUE,FALSE,FALSE,TRUE,46,0,3678,NA,NA,1,NA,NA,-4,0,Negative,CDfm,ireland,-1.6020599913
Mexico-Cartels,Caribbean_and_the_Americas,TRUE,TRUE,FALSE,FALSE,FALSE,FALSE,9,2,92339,160000,13024,18000,184,160000,-4,0,Negative,joe_dirty365,worldnews,-1.6020599913
Syria,Middle_East_and_North_Africa,FALSE,TRUE,TRUE,FALSE,FALSE,FALSE,4,3,186500,7600000,4867560,49000,2231802,6500000,-4,0,Negative,[deleted],ShitRedditSays,-1.6020599913
Turkey-PKK,Europe,FALSE,FALSE,TRUE,FALSE,FALSE,TRUE,31,2,43530,954000,NA,800,907,1000000,-4,0,VeryNegative,TheJabrone,worldnews,-1.6020599913
Mexico-Cartels,Caribbean_and_the_Americas,TRUE,TRUE,FALSE,FALSE,FALSE,FALSE,9,2,92339,160000,13024,18000,184,160000,-3,0,Negative,immorta1,worldnews,-1.4771212547
Peru-Shining_Path,Caribbean_and_the_Americas,FALSE,FALSE,TRUE,FALSE,FALSE,FALSE,20,0,669,150000,NA,30,NA,NA,-3,0,Negative,Empresa_Luminosa,minerapocalypse,-1.4771212547
Peru-Shining_Path,Caribbean_and_the_Americas,FALSE,FALSE,TRUE,FALSE,FALSE,FALSE,20,0,669,150000,NA,14,NA,150000,-3,0,Negative,Gr8WhiteGrammarNazi,AdviceAnimals,-1.4771212547
Philippines-NPA,East_Asia_and_Australasia,FALSE,FALSE,TRUE,FALSE,FALSE,FALSE,46,1,41710,NA,NA,150,NA,NA,-3,0,Negative,plebeian-glenn,socialism,-1.4771212547
Syria,Middle_East_and_North_Africa,FALSE,TRUE,TRUE,FALSE,FALSE,FALSE,4,3,186500,7600000,4867560,49000,2231802,6500000,-3,0,Negative,Uncle_Spam,starcraft,-1.4771212547
Mexico-Cartels,Caribbean_and_the_Americas,TRUE,TRUE,FALSE,FALSE,FALSE,FALSE,9,2,92339,160000,13024,18000,184,160000,-2,0,Negative,hassenberg,AskReddit,-1.3010299957
Turkey-PKK,Europe,FALSE,FALSE,TRUE,FALSE,FALSE,TRUE,31,2,43530,954000,NA,140,518,954000,-2,1,Negative,erdemece,Turkey,-1.3010299957
Turkey-PKK,Europe,FALSE,FALSE,TRUE,FALSE,FALSE,TRUE,31,2,43530,954000,NA,140,518,954000,-2,0,Negative,limmericky,Turkey,-1.3010299957
Philippines-NPA,East_Asia_and_Australasia,FALSE,FALSE,TRUE,FALSE,FALSE,FALSE,46,1,41710,NA,NA,200,NA,7000,-2,0,Negative,Anybodykiller,worldnews,-1.3010299957
Peru-Shining_Path,Caribbean_and_the_Americas,FALSE,FALSE,TRUE,FALSE,FALSE,FALSE,20,0,669,150000,NA,14,NA,150000,-2,0,Negative,LyricBomber,atheism,-1.3010299957
Mexico-Cartels,Caribbean_and_the_Americas,TRUE,TRUE,FALSE,FALSE,FALSE,FALSE,9,2,92339,160000,13024,18000,184,160000,-2,0,Negative,[deleted],worldnews,-1.3010299957
Mexico-Cartels,Caribbean_and_the_Americas,TRUE,TRUE,FALSE,FALSE,FALSE,FALSE,9,2,92339,160000,13024,18000,184,160000,-1,0,Negative,FockSmulder,news,-1
Peru-Shining_Path,Caribbean_and_the_Americas,FALSE,FALSE,TRUE,FALSE,FALSE,FALSE,20,0,669,150000,NA,NA,NA,NA,-1,1,Negative,GayLubeOil,TheRedPill,-1
Mexico-Cartels,Caribbean_and_the_Americas,TRUE,TRUE,FALSE,FALSE,FALSE,FALSE,9,2,92339,160000,13024,12000,568,160000,-1,0,Negative,meshibuntupl0x,worldnews,-1
Peru-Shining_Path,Caribbean_and_the_Americas,FALSE,FALSE,TRUE,FALSE,FALSE,FALSE,20,0,669,150000,NA,NA,NA,NA,-1,1,Negative,mgzukowski,worldnews,-1
Mexico-Cartels,Caribbean_and_the_Americas,TRUE,TRUE,FALSE,FALSE,FALSE,FALSE,9,2,92339,160000,13024,12000,568,160000,-1,0,Negative,[deleted],worldnews,-1
Mexico-Cartels,Caribbean_and_the_Americas,TRUE,TRUE,FALSE,FALSE,FALSE,FALSE,9,2,92339,160000,13024,18000,184,160000,-1,0,Negative,elpaw,funny,-1
Peru-Shining_Path,Caribbean_and_the_Americas,FALSE,FALSE,TRUE,FALSE,FALSE,FALSE,20,0,669,150000,NA,30,NA,NA,-1,0,Negative,ripsmileyculture,communism,-1
Georgia-South_Ossetia,Russia_and_Eurasia,FALSE,FALSE,FALSE,FALSE,FALSE,TRUE,25,0,1467,257000,NA,2,NA,NA,-1,0,Negative,[deleted],politics,-1
Peru-Shining_Path,Caribbean_and_the_Americas,FALSE,FALSE,TRUE,FALSE,FALSE,FALSE,20,0,669,150000,NA,30,NA,NA,-1,0,Negative,reasonsnotrules,communism,-1
Syria,Middle_East_and_North_Africa,FALSE,TRUE,TRUE,FALSE,FALSE,FALSE,4,3,186500,7600000,4867560,49000,2231802,6500000,-1,0,Negative,beccairene,politics,-1
Peru-Shining_Path,Caribbean_and_the_Americas,FALSE,FALSE,TRUE,FALSE,FALSE,FALSE,20,0,669,150000,NA,14,NA,150000,-1,0,Negative,circuitloss,civ,-1
Syria,Middle_East_and_North_Africa,FALSE,TRUE,TRUE,FALSE,FALSE,FALSE,4,3,186500,7600000,4867560,70000,NA,7600000,-1,0,Negative,Heartgold22,Tennessee,-1
Syria,Middle_East_and_North_Africa,FALSE,TRUE,TRUE,FALSE,FALSE,FALSE,4,3,186500,7600000,4867560,60000,789944,2000000,-1,0,Negative,pathjumper,technology,-1
Philippines-NPA,East_Asia_and_Australasia,FALSE,FALSE,TRUE,FALSE,FALSE,FALSE,46,1,41710,NA,NA,150,NA,NA,-1,0,VeryNegative,justgun1,explainlikeimfive,-1
Mexico-Cartels,Caribbean_and_the_Americas,TRUE,TRUE,FALSE,FALSE,FALSE,FALSE,9,2,92339,160000,13024,18000,184,160000,-1,0,VeryNegative,movienevermade,AskReddit,-1
Mexico-Cartels,Caribbean_and_the_Americas,TRUE,TRUE,FALSE,FALSE,FALSE,FALSE,9,2,92339,160000,13024,12000,568,160000,-1,0,VeryNegative,apextek,politics,-1
Myanmar,East_Asia_and_Australasia,FALSE,FALSE,FALSE,FALSE,TRUE,FALSE,30,2,17260,643000,NA,650,19357,458000,0,0,Negative,greenvox,islam,0
Philippines-ASG,East_Asia_and_Australasia,TRUE,FALSE,TRUE,FALSE,FALSE,TRUE,24,1,2120,NA,NA,80,NA,7000,0,0,Negative,[deleted],pics,0
Mexico-Cartels,Caribbean_and_the_Americas,TRUE,TRUE,FALSE,FALSE,FALSE,FALSE,9,2,92339,160000,13024,15000,NA,160000,0,0,Negative,2JokersWild,politics,0
Myanmar,East_Asia_and_Australasia,FALSE,FALSE,FALSE,FALSE,TRUE,FALSE,30,2,17260,643000,NA,150,83177,640767,0,0,Negative,kinisonkhan,Seattle,0
Turkey-PKK,Europe,FALSE,FALSE,TRUE,FALSE,FALSE,TRUE,31,2,43530,954000,NA,140,518,954000,0,0,Negative,OHscruples,politics,0
Mexico-Cartels,Caribbean_and_the_Americas,TRUE,TRUE,FALSE,FALSE,FALSE,FALSE,9,2,92339,160000,13024,18000,184,160000,0,0,Negative,GuardianSoldier,news,0
Myanmar,East_Asia_and_Australasia,FALSE,FALSE,FALSE,FALSE,TRUE,FALSE,30,2,17260,643000,NA,150,83177,640767,0,0,Negative,[deleted],india,0
Myanmar,East_Asia_and_Australasia,FALSE,FALSE,FALSE,FALSE,TRUE,FALSE,30,2,17260,643000,NA,150,83177,640767,0,0,Negative,patentpending,AskReddit,0
Mexico-Cartels,Caribbean_and_the_Americas,TRUE,TRUE,FALSE,FALSE,FALSE,FALSE,9,2,92339,160000,13024,18000,184,160000,0,0,Negative,[deleted],AdviceAnimals,0
Turkey-PKK,Europe,FALSE,FALSE,TRUE,FALSE,FALSE,TRUE,31,2,43530,954000,NA,140,518,954000,0,0,Negative,medfield,worldnews,0
Philippines-NPA,East_Asia_and_Australasia,FALSE,FALSE,TRUE,FALSE,FALSE,FALSE,46,1,41710,NA,NA,150,NA,NA,0,0,Negative,OHscruples,politics,0
Mexico-Cartels,Caribbean_and_the_Americas,TRUE,TRUE,FALSE,FALSE,FALSE,FALSE,9,2,92339,160000,13024,12000,568,160000,0,0,Negative,Boycubpiglet,AskReddit,0
Mexico-Cartels,Caribbean_and_the_Americas,TRUE,TRUE,FALSE,FALSE,FALSE,FALSE,9,2,92339,160000,13024,18000,184,160000,0,0,Negative,epgenius,WTF,0
Peru-Shining_Path,Caribbean_and_the_Americas,FALSE,FALSE,TRUE,FALSE,FALSE,FALSE,20,0,669,150000,NA,14,NA,150000,0,0,Negative,OHscruples,politics,0
China-Xinjiang,East_Asia_and_Australasia,FALSE,FALSE,TRUE,FALSE,TRUE,TRUE,24,2,2892,NA,NA,140,NA,NA,0,0,Negative,hymrr,worldnews,0
Peru-Shining_Path,Caribbean_and_the_Americas,FALSE,FALSE,TRUE,FALSE,FALSE,FALSE,20,0,669,150000,NA,30,NA,NA,0,0,Negative,tombrusky,PropagandaPosters,0
Philippines-MILF,East_Asia_and_Australasia,FALSE,FALSE,FALSE,FALSE,FALSE,TRUE,31,1,73500,115772,NA,175,NA,NA,0,0,Negative,Tehgumchum,WTF,0
Mexico-Cartels,Caribbean_and_the_Americas,TRUE,TRUE,FALSE,FALSE,FALSE,FALSE,9,2,92339,160000,13024,18000,184,160000,0,0,Negative,mrbooze,gaming,0
Philippines-NPA,East_Asia_and_Australasia,FALSE,FALSE,TRUE,FALSE,FALSE,FALSE,46,1,41710,NA,NA,150,NA,NA,0,0,Negative,[deleted],socialism,0
Turkey-PKK,Europe,FALSE,FALSE,TRUE,FALSE,FALSE,TRUE,31,2,43530,954000,NA,140,518,954000,0,0,Negative,[deleted],politics,0
Turkey-PKK,Europe,FALSE,FALSE,TRUE,FALSE,FALSE,TRUE,31,2,43530,954000,NA,140,518,954000,0,0,Negative,ofarrizzle,syriancivilwar,0
Peru-Shining_Path,Caribbean_and_the_Americas,FALSE,FALSE,TRUE,FALSE,FALSE,FALSE,20,0,669,150000,NA,14,NA,150000,0,0,Negative,the-mp,worldnews,0
Indonesia-West_Papua,East_Asia_and_Australasia,FALSE,FALSE,FALSE,FALSE,FALSE,TRUE,50,0,30249,NA,NA,25,NA,NA,0,0,Negative,Tothebillyoh,funny,0
Peru-Shining_Path,Caribbean_and_the_Americas,FALSE,FALSE,TRUE,FALSE,FALSE,FALSE,20,0,669,150000,NA,14,NA,150000,0,0,Negative,daupo,AskReddit,0
Mexico-Cartels,Caribbean_and_the_Americas,TRUE,TRUE,FALSE,FALSE,FALSE,FALSE,9,2,92339,160000,13024,15000,NA,160000,0,0,Negative,ThreeCranes,PoliticalDiscussion,0
Indonesia-West_Papua,East_Asia_and_Australasia,FALSE,FALSE,FALSE,FALSE,FALSE,TRUE,50,0,30249,NA,NA,25,NA,NA,0,0,Negative,Tothebillyoh,funny,0
Turkey-PKK,Europe,FALSE,FALSE,TRUE,FALSE,FALSE,TRUE,31,2,43530,954000,NA,800,907,1000000,0,0,Negative,2dollarb,worldnews,0
Myanmar,East_Asia_and_Australasia,FALSE,FALSE,FALSE,FALSE,TRUE,FALSE,30,2,17260,643000,NA,650,19357,458000,0,0,Negative,green_flash,worldnews,0
Central_Asia,Russia_and_Eurasia,TRUE,FALSE,TRUE,FALSE,FALSE,FALSE,16,1,1188,70400,NA,10,NA,70400,0,0,Negative,OHscruples,politics,0
Central_Asia,Russia_and_Eurasia,TRUE,FALSE,TRUE,FALSE,FALSE,FALSE,16,1,1188,70400,NA,35,NA,70400,0,0,Negative,[deleted],PoliticalDiscussion,0
Peru-Shining_Path,Caribbean_and_the_Americas,FALSE,FALSE,TRUE,FALSE,FALSE,FALSE,20,0,669,150000,NA,30,NA,NA,0,0,Negative,[deleted],communism,0
Peru-Shining_Path,Caribbean_and_the_Americas,FALSE,FALSE,TRUE,FALSE,FALSE,FALSE,20,0,669,150000,NA,14,NA,150000,0,0,Negative,EekAMaoist,socialism,0
Central_Asia,Russia_and_Eurasia,TRUE,FALSE,TRUE,FALSE,FALSE,FALSE,16,1,1188,70400,NA,250,NA,67726,0,0,Negative,[deleted],todayilearned,0
Central_Asia,Russia_and_Eurasia,TRUE,FALSE,TRUE,FALSE,FALSE,FALSE,16,1,1188,70400,NA,10,NA,70400,0,0,Negative,RationalistPig,worldpolitics,0
Syria,Middle_East_and_North_Africa,FALSE,TRUE,TRUE,FALSE,FALSE,FALSE,4,3,186500,7600000,4867560,60000,789944,2000000,0,0,Negative,gobacktosleepamerica,todayilearned,0
Mexico-Cartels,Caribbean_and_the_Americas,TRUE,TRUE,FALSE,FALSE,FALSE,FALSE,9,2,92339,160000,13024,18000,184,160000,0,0,Negative,BiGBoSS_BK,Injusticegame,0
Mexico-Cartels,Caribbean_and_the_Americas,TRUE,TRUE,FALSE,FALSE,FALSE,FALSE,9,2,92339,160000,13024,18000,184,160000,0,0,Negative,zoidberg1339,todayilearned,0
Mexico-Cartels,Caribbean_and_the_Americas,TRUE,TRUE,FALSE,FALSE,FALSE,FALSE,9,2,92339,160000,13024,15000,NA,160000,0,0,Negative,ginja_ninja,AskReddit,0
Syria,Middle_East_and_North_Africa,FALSE,TRUE,TRUE,FALSE,FALSE,FALSE,4,3,186500,7600000,4867560,49000,2231802,6500000,0,0,Negative,ChaosMotor,economy,0
Syria,Middle_East_and_North_Africa,FALSE,TRUE,TRUE,FALSE,FALSE,FALSE,4,3,186500,7600000,4867560,49000,2231802,6500000,0,0,Negative,CuilRunnings,AskSocialScience,0
Syria,Middle_East_and_North_Africa,FALSE,TRUE,TRUE,FALSE,FALSE,FALSE,4,3,186500,7600000,4867560,70000,NA,7600000,0,0,Negative,workhorse_investor,investing,0
Georgia-South_Ossetia,Russia_and_Eurasia,FALSE,FALSE,FALSE,FALSE,FALSE,TRUE,25,0,1467,257000,NA,NA,NA,NA,0,0,Negative,Ryuzakku,worldnews,0
Syria,Middle_East_and_North_Africa,FALSE,TRUE,TRUE,FALSE,FALSE,FALSE,4,3,186500,7600000,4867560,70000,NA,7600000,0,0,Negative,themagicbong,videos,0
Georgia-South_Ossetia,Russia_and_Eurasia,FALSE,FALSE,FALSE,FALSE,FALSE,TRUE,25,0,1467,257000,NA,NA,NA,257000,0,0,Negative,monkeyman114,science,0
Syria,Middle_East_and_North_Africa,FALSE,TRUE,TRUE,FALSE,FALSE,FALSE,4,3,186500,7600000,4867560,60000,789944,2000000,0,0,Negative,Wakata,worldnews,0
Mexico-Cartels,Caribbean_and_the_Americas,TRUE,TRUE,FALSE,FALSE,FALSE,FALSE,9,2,92339,160000,13024,15000,NA,160000,0,0,Negative,Dks_Rainbow_Sparkle,AdviceAnimals,0
Myanmar,East_Asia_and_Australasia,FALSE,FALSE,FALSE,FALSE,TRUE,FALSE,30,2,17260,643000,NA,650,19357,458000,0,0,Negative,joanco,IAmA,0
Mexico-Cartels,Caribbean_and_the_Americas,TRUE,TRUE,FALSE,FALSE,FALSE,FALSE,9,2,92339,160000,13024,12000,568,160000,0,0,Negative,Bring_dem,Conservative,0
Myanmar,East_Asia_and_Australasia,FALSE,FALSE,FALSE,FALSE,TRUE,FALSE,30,2,17260,643000,NA,150,83177,640767,0,0,Negative,[deleted],worldnews,0
Myanmar,East_Asia_and_Australasia,FALSE,FALSE,FALSE,FALSE,TRUE,FALSE,30,2,17260,643000,NA,150,83177,640767,0,0,Negative,PLanPLan,politics,0
Southern_Thailand,East_Asia_and_Australasia,FALSE,FALSE,TRUE,FALSE,FALSE,TRUE,11,2,4050,35000,NA,250,NA,35000,0,0,VeryNegative,lightsmiles,worldnews,0
Turkey-PKK,Europe,FALSE,FALSE,TRUE,FALSE,FALSE,TRUE,31,2,43530,954000,NA,140,518,954000,0,0,VeryNegative,Zafara1,todayilearned,0
Syria,Middle_East_and_North_Africa,FALSE,TRUE,TRUE,FALSE,FALSE,FALSE,4,3,186500,7600000,4867560,60000,789944,2000000,0,0,VeryNegative,Fuk_Pig_Apologists,politics,0
Philippines-ASG,East_Asia_and_Australasia,TRUE,FALSE,TRUE,FALSE,FALSE,TRUE,24,1,2120,NA,NA,150,NA,NA,2,0,Negative,hysterionics,funny,0.3010299957
Mexico-Cartels,Caribbean_and_the_Americas,TRUE,TRUE,FALSE,FALSE,FALSE,FALSE,9,2,92339,160000,13024,12000,568,160000,2,0,Negative,formfactor,COents,0.3010299957
Mexico-Cartels,Caribbean_and_the_Americas,TRUE,TRUE,FALSE,FALSE,FALSE,FALSE,9,2,92339,160000,13024,15000,NA,160000,2,0,Negative,reptilian_shill,worldnews,0.3010299957
Central_America-Northern_Triangle,Caribbean_and_the_Americas,TRUE,FALSE,FALSE,FALSE,FALSE,FALSE,5,2,76000,NA,NA,15000,NA,NA,2,0,Negative,wild_hickok,Israel,0.3010299957
Central_America-Northern_Triangle,Caribbean_and_the_Americas,TRUE,FALSE,FALSE,FALSE,FALSE,FALSE,5,2,76000,NA,NA,15000,NA,NA,2,0,Negative,Hatefiend,speedrun,0.3010299957
Turkey-PKK,Europe,FALSE,FALSE,TRUE,FALSE,FALSE,TRUE,31,2,43530,954000,NA,140,518,954000,2,0,Negative,dervaze,Ask_Politics,0.3010299957
Mexico-Cartels,Caribbean_and_the_Americas,TRUE,TRUE,FALSE,FALSE,FALSE,FALSE,9,2,92339,160000,13024,18000,184,160000,2,0,Negative,BrazenBull,conspiracy,0.3010299957
Mexico-Cartels,Caribbean_and_the_Americas,TRUE,TRUE,FALSE,FALSE,FALSE,FALSE,9,2,92339,160000,13024,18000,184,160000,2,0,Negative,[deleted],news,0.3010299957
Mexico-Cartels,Caribbean_and_the_Americas,TRUE,TRUE,FALSE,FALSE,FALSE,FALSE,9,2,92339,160000,13024,12000,568,160000,2,0,Negative,ravens_,offbeat,0.3010299957
Mexico-Cartels,Caribbean_and_the_Americas,TRUE,TRUE,FALSE,FALSE,FALSE,FALSE,9,2,92339,160000,13024,18000,184,160000,2,0,Negative,gamblingwithhobos,Whatcouldgowrong,0.3010299957
Mexico-Cartels,Caribbean_and_the_Americas,TRUE,TRUE,FALSE,FALSE,FALSE,FALSE,9,2,92339,160000,13024,18000,184,160000,2,0,Negative,M4ttz8,Drugs,0.3010299957
Mexico-Cartels,Caribbean_and_the_Americas,TRUE,TRUE,FALSE,FALSE,FALSE,FALSE,9,2,92339,160000,13024,18000,184,160000,2,0,Negative,[deleted],todayilearned,0.3010299957
Mexico-Cartels,Caribbean_and_the_Americas,TRUE,TRUE,FALSE,FALSE,FALSE,FALSE,9,2,92339,160000,13024,12000,568,160000,2,0,Negative,Zifnab25,Economics,0.3010299957
Mexico-Cartels,Caribbean_and_the_Americas,TRUE,TRUE,FALSE,FALSE,FALSE,FALSE,9,2,92339,160000,13024,12000,568,160000,2,0,Negative,[deleted],TrueAtheism,0.3010299957
Turkey-PKK,Europe,FALSE,FALSE,TRUE,FALSE,FALSE,TRUE,31,2,43530,954000,NA,800,907,1000000,2,0,Negative,[deleted],conspiracy,0.3010299957
Turkey-PKK,Europe,FALSE,FALSE,TRUE,FALSE,FALSE,TRUE,31,2,43530,954000,NA,30,NA,954000,2,0,Negative,[deleted],AskHistorians,0.3010299957
Philippines-NPA,East_Asia_and_Australasia,FALSE,FALSE,TRUE,FALSE,FALSE,FALSE,46,1,41710,NA,NA,200,NA,7000,2,0,Negative,Mr_FreNezY,travel,0.3010299957
Philippines-NPA,East_Asia_and_Australasia,FALSE,FALSE,TRUE,FALSE,FALSE,FALSE,46,1,41710,NA,NA,200,NA,7000,2,0,Negative,intergalacticninja,Philippines,0.3010299957
Mexico-Cartels,Caribbean_and_the_Americas,TRUE,TRUE,FALSE,FALSE,FALSE,FALSE,9,2,92339,160000,13024,12000,568,160000,2,0,Negative,dieselphiend,trees,0.3010299957
Mexico-Cartels,Caribbean_and_the_Americas,TRUE,TRUE,FALSE,FALSE,FALSE,FALSE,9,2,92339,160000,13024,18000,184,160000,2,0,Negative,treydestepheno,Shitty_Car_Mods,0.3010299957
Myanmar,East_Asia_and_Australasia,FALSE,FALSE,FALSE,FALSE,TRUE,FALSE,30,2,17260,643000,NA,300,NA,643000,2,0,Negative,Vallessir,WTF,0.3010299957
Philippines-NPA,East_Asia_and_Australasia,FALSE,FALSE,TRUE,FALSE,FALSE,FALSE,46,1,41710,NA,NA,150,NA,NA,2,0,Negative,marksnangles,socialism,0.3010299957
Philippines-NPA,East_Asia_and_Australasia,FALSE,FALSE,TRUE,FALSE,FALSE,FALSE,46,1,41710,NA,NA,150,NA,NA,2,0,Negative,[deleted],worldnews,0.3010299957
Mexico-Cartels,Caribbean_and_the_Americas,TRUE,TRUE,FALSE,FALSE,FALSE,FALSE,9,2,92339,160000,13024,18000,184,160000,2,0,Negative,Mannix58,politics,0.3010299957
China-Xinjiang,East_Asia_and_Australasia,FALSE,FALSE,TRUE,FALSE,TRUE,TRUE,24,2,2892,NA,NA,140,NA,NA,2,0,Negative,Peking_Meerschaum,China,0.3010299957
Philippines-MILF,East_Asia_and_Australasia,FALSE,FALSE,FALSE,FALSE,FALSE,TRUE,31,1,73500,115772,NA,175,NA,NA,2,0,Negative,Sahaq,worldnews,0.3010299957
Mexico-Cartels,Caribbean_and_the_Americas,TRUE,TRUE,FALSE,FALSE,FALSE,FALSE,9,2,92339,160000,13024,18000,184,160000,2,0,Negative,87broseidon,movies,0.3010299957
Mexico-Cartels,Caribbean_and_the_Americas,TRUE,TRUE,FALSE,FALSE,FALSE,FALSE,9,2,92339,160000,13024,18000,184,160000,2,0,Negative,tomahawkfury13,movies,0.3010299957
Myanmar,East_Asia_and_Australasia,FALSE,FALSE,FALSE,FALSE,TRUE,FALSE,30,2,17260,643000,NA,650,19357,458000,2,0,Negative,archiesteel,Quebec,0.3010299957
Mexico-Cartels,Caribbean_and_the_Americas,TRUE,TRUE,FALSE,FALSE,FALSE,FALSE,9,2,92339,160000,13024,18000,184,160000,2,0,Negative,viborg,InsightfulQuestions,0.3010299957
Mexico-Cartels,Caribbean_and_the_Americas,TRUE,TRUE,FALSE,FALSE,FALSE,FALSE,9,2,92339,160000,13024,12000,568,160000,2,0,Negative,Nayr747,HistoryPorn,0.3010299957
Southern_Thailand,East_Asia_and_Australasia,FALSE,FALSE,TRUE,FALSE,FALSE,TRUE,11,2,4050,35000,NA,325,NA,35000,2,0,Negative,redcalcium,indonesia,0.3010299957
Southern_Thailand,East_Asia_and_Australasia,FALSE,FALSE,TRUE,FALSE,FALSE,TRUE,11,2,4050,35000,NA,275,NA,NA,2,0,Negative,ShinyMetalBum,malaysia,0.3010299957
Peru-Shining_Path,Caribbean_and_the_Americas,FALSE,FALSE,TRUE,FALSE,FALSE,FALSE,20,0,669,150000,NA,30,NA,NA,2,0,Negative,Van-van,motorcycles,0.3010299957
Peru-Shining_Path,Caribbean_and_the_Americas,FALSE,FALSE,TRUE,FALSE,FALSE,FALSE,20,0,669,150000,NA,14,NA,150000,2,0,Negative,mitchylove,pics,0.3010299957
Peru-Shining_Path,Caribbean_and_the_Americas,FALSE,FALSE,TRUE,FALSE,FALSE,FALSE,20,0,669,150000,NA,30,NA,NA,2,0,Negative,Thomas_Foolery,movies,0.3010299957
Peru-Shining_Path,Caribbean_and_the_Americas,FALSE,FALSE,TRUE,FALSE,FALSE,FALSE,20,0,669,150000,NA,14,NA,150000,2,0,Negative,refusedzero,Anarchism,0.3010299957
Peru-Shining_Path,Caribbean_and_the_Americas,FALSE,FALSE,TRUE,FALSE,FALSE,FALSE,20,0,669,150000,NA,30,NA,NA,2,0,Negative,Drosophilae,communism,0.3010299957
Turkey-PKK,Europe,FALSE,FALSE,TRUE,FALSE,FALSE,TRUE,31,2,43530,954000,NA,800,907,1000000,2,0,Negative,nidarus,worldnews,0.3010299957
Turkey-PKK,Europe,FALSE,FALSE,TRUE,FALSE,FALSE,TRUE,31,2,43530,954000,NA,140,518,954000,2,0,Negative,host1,worldnews,0.3010299957
Turkey-PKK,Europe,FALSE,FALSE,TRUE,FALSE,FALSE,TRUE,31,2,43530,954000,NA,140,518,954000,2,0,Negative,host1,worldnews,0.3010299957
Peru-Shining_Path,Caribbean_and_the_Americas,FALSE,FALSE,TRUE,FALSE,FALSE,FALSE,20,0,669,150000,NA,14,NA,150000,2,0,Negative,mystikalhereigo,worldnews,0.3010299957
Peru-Shining_Path,Caribbean_and_the_Americas,FALSE,FALSE,TRUE,FALSE,FALSE,FALSE,20,0,669,150000,NA,30,NA,NA,2,0,Negative,tombrusky,todayilearned,0.3010299957
Peru-Shining_Path,Caribbean_and_the_Americas,FALSE,FALSE,TRUE,FALSE,FALSE,FALSE,20,0,669,150000,NA,30,NA,NA,2,0,Negative,ChuckFinale,communism,0.3010299957
Philippines-NPA,East_Asia_and_Australasia,FALSE,FALSE,TRUE,FALSE,FALSE,FALSE,46,1,41710,NA,NA,200,NA,7000,2,0,Negative,The_WD,communism,0.3010299957
Philippines-NPA,East_Asia_and_Australasia,FALSE,FALSE,TRUE,FALSE,FALSE,FALSE,46,1,41710,NA,NA,150,NA,NA,2,0,Negative,intergalacticninja,Philippines,0.3010299957
Myanmar,East_Asia_and_Australasia,FALSE,FALSE,FALSE,FALSE,TRUE,FALSE,30,2,17260,643000,NA,650,19357,458000,2,0,Negative,corgonin,VirginiaTech,0.3010299957
Philippines-NPA,East_Asia_and_Australasia,FALSE,FALSE,TRUE,FALSE,FALSE,FALSE,46,1,41710,NA,NA,200,NA,7000,2,0,Negative,MaxRenn83,worldnews,0.3010299957
Mexico-Cartels,Caribbean_and_the_Americas,TRUE,TRUE,FALSE,FALSE,FALSE,FALSE,9,2,92339,160000,13024,12000,568,160000,2,0,Negative,Frost_,AskReddit,0.3010299957
Mexico-Cartels,Caribbean_and_the_Americas,TRUE,TRUE,FALSE,FALSE,FALSE,FALSE,9,2,92339,160000,13024,12000,568,160000,2,0,Negative,garyyo,technology,0.3010299957
Mexico-Cartels,Caribbean_and_the_Americas,TRUE,TRUE,FALSE,FALSE,FALSE,FALSE,9,2,92339,160000,13024,18000,184,160000,2,0,Negative,Bryan_FUCKIN_bickell,AskReddit,0.3010299957
Southern_Thailand,East_Asia_and_Australasia,FALSE,FALSE,TRUE,FALSE,FALSE,TRUE,11,2,4050,35000,NA,325,NA,35000,2,0,Negative,ACMEanvils,wicked_edge,0.3010299957
Mexico-Cartels,Caribbean_and_the_Americas,TRUE,TRUE,FALSE,FALSE,FALSE,FALSE,9,2,92339,160000,13024,12000,568,160000,2,0,Negative,Rule322,pics,0.3010299957
Mexico-Cartels,Caribbean_and_the_Americas,TRUE,TRUE,FALSE,FALSE,FALSE,FALSE,9,2,92339,160000,13024,18000,184,160000,2,0,Negative,vadersfist181,whowouldwin,0.3010299957
Mexico-Cartels,Caribbean_and_the_Americas,TRUE,TRUE,FALSE,FALSE,FALSE,FALSE,9,2,92339,160000,13024,12000,568,160000,2,0,Negative,SuperKlydeFrog,funny,0.3010299957
Southern_Thailand,East_Asia_and_Australasia,FALSE,FALSE,TRUE,FALSE,FALSE,TRUE,11,2,4050,35000,NA,325,NA,35000,2,0,Negative,I_AM_A_IDIOT_AMA,schweiz,0.3010299957
Southern_Thailand,East_Asia_and_Australasia,FALSE,FALSE,TRUE,FALSE,FALSE,TRUE,11,2,4050,35000,NA,275,NA,NA,2,0,Negative,rakyatno1,malaysia,0.3010299957
Peru-Shining_Path,Caribbean_and_the_Americas,FALSE,FALSE,TRUE,FALSE,FALSE,FALSE,20,0,669,150000,NA,14,NA,150000,2,0,Negative,ainrialai,Anarchy101,0.3010299957
Myanmar,East_Asia_and_Australasia,FALSE,FALSE,FALSE,FALSE,TRUE,FALSE,30,2,17260,643000,NA,150,83177,640767,2,0,Negative,MovieGuide,FullMovieonViooz,0.3010299957
Peru-Shining_Path,Caribbean_and_the_Americas,FALSE,FALSE,TRUE,FALSE,FALSE,FALSE,20,0,669,150000,NA,30,NA,NA,2,0,Negative,JonathanZips,todayilearned,0.3010299957
Peru-Shining_Path,Caribbean_and_the_Americas,FALSE,FALSE,TRUE,FALSE,FALSE,FALSE,20,0,669,150000,NA,14,NA,150000,2,0,Negative,ainrialai,AskHistorians,0.3010299957
Philippines-NPA,East_Asia_and_Australasia,FALSE,FALSE,TRUE,FALSE,FALSE,FALSE,46,1,41710,NA,NA,150,NA,NA,2,0,Negative,consilioetanimis,AskReddit,0.3010299957
Philippines-NPA,East_Asia_and_Australasia,FALSE,FALSE,TRUE,FALSE,FALSE,FALSE,46,1,41710,NA,NA,150,NA,NA,2,0,Negative,ReddEdIt,offmychest,0.3010299957
Turkey-PKK,Europe,FALSE,FALSE,TRUE,FALSE,FALSE,TRUE,31,2,43530,954000,NA,800,907,1000000,2,0,Negative,[deleted],worldnews,0.3010299957
Turkey-PKK,Europe,FALSE,FALSE,TRUE,FALSE,FALSE,TRUE,31,2,43530,954000,NA,800,907,1000000,2,0,Negative,iSYAN82,worldnews,0.3010299957
Myanmar,East_Asia_and_Australasia,FALSE,FALSE,FALSE,FALSE,TRUE,FALSE,30,2,17260,643000,NA,650,19357,458000,2,0,Negative,VTbmac,education,0.3010299957
Myanmar,East_Asia_and_Australasia,FALSE,FALSE,FALSE,FALSE,TRUE,FALSE,30,2,17260,643000,NA,650,19357,458000,2,0,Negative,VTbmac,technology,0.3010299957
Peru-Shining_Path,Caribbean_and_the_Americas,FALSE,FALSE,TRUE,FALSE,FALSE,FALSE,20,0,669,150000,NA,30,NA,NA,2,0,Negative,treatemright,WTF,0.3010299957
Indonesia-West_Papua,East_Asia_and_Australasia,FALSE,FALSE,FALSE,FALSE,FALSE,TRUE,50,0,30249,NA,NA,25,NA,NA,2,0,Negative,tldrrr,worldnews,0.3010299957
Turkey-PKK,Europe,FALSE,FALSE,TRUE,FALSE,FALSE,TRUE,31,2,43530,954000,NA,140,518,954000,2,0,Negative,guinness88,islam,0.3010299957
Turkey-PKK,Europe,FALSE,FALSE,TRUE,FALSE,FALSE,TRUE,31,2,43530,954000,NA,140,518,954000,2,0,Negative,dulbirakan,worldnews,0.3010299957
Turkey-PKK,Europe,FALSE,FALSE,TRUE,FALSE,FALSE,TRUE,31,2,43530,954000,NA,140,518,954000,2,0,Negative,URPerfect,worldnews,0.3010299957
Turkey-PKK,Europe,FALSE,FALSE,TRUE,FALSE,FALSE,TRUE,31,2,43530,954000,NA,30,NA,954000,2,0,Negative,internet-dumbass,worldnews,0.3010299957
Myanmar,East_Asia_and_Australasia,FALSE,FALSE,FALSE,FALSE,TRUE,FALSE,30,2,17260,643000,NA,150,83177,640767,2,0,Negative,txtphile,conspiracy,0.3010299957
Turkey-PKK,Europe,FALSE,FALSE,TRUE,FALSE,FALSE,TRUE,31,2,43530,954000,NA,140,518,954000,2,0,Negative,sdgfsvzvxf,worldnews,0.3010299957
Turkey-PKK,Europe,FALSE,FALSE,TRUE,FALSE,FALSE,TRUE,31,2,43530,954000,NA,800,907,1000000,2,0,Negative,nidarus,Israel,0.3010299957
Libya,Middle_East_and_North_Africa,FALSE,TRUE,TRUE,FALSE,TRUE,FALSE,4,3,7100,454000,NA,250,NA,59425,2,0,Negative,jeanralph,todayilearned,0.3010299957
Turkey-PKK,Europe,FALSE,FALSE,TRUE,FALSE,FALSE,TRUE,31,2,43530,954000,NA,800,907,1000000,2,0,Negative,Impedence,worldnews,0.3010299957
Myanmar,East_Asia_and_Australasia,FALSE,FALSE,FALSE,FALSE,TRUE,FALSE,30,2,17260,643000,NA,650,19357,458000,2,0,Negative,milkycratekid,TrueReddit,0.3010299957
Myanmar,East_Asia_and_Australasia,FALSE,FALSE,FALSE,FALSE,TRUE,FALSE,30,2,17260,643000,NA,150,83177,640767,2,0,Negative,pickles539,InternetAndLawRPI,0.3010299957
Myanmar,East_Asia_and_Australasia,FALSE,FALSE,FALSE,FALSE,TRUE,FALSE,30,2,17260,643000,NA,150,83177,640767,2,0,Negative,canti28,exmuslim,0.3010299957
Myanmar,East_Asia_and_Australasia,FALSE,FALSE,FALSE,FALSE,TRUE,FALSE,30,2,17260,643000,NA,650,19357,458000,2,0,Negative,NextLevelFantasy,AskReddit,0.3010299957
Myanmar,East_Asia_and_Australasia,FALSE,FALSE,FALSE,FALSE,TRUE,FALSE,30,2,17260,643000,NA,150,83177,640767,2,0,Negative,TrimTabIP,AskReddit,0.3010299957
Central_Asia,Russia_and_Eurasia,TRUE,FALSE,TRUE,FALSE,FALSE,FALSE,16,1,1188,70400,NA,10,NA,70400,2,0,Negative,jugheads_burger,politics,0.3010299957
Philippines-NPA,East_Asia_and_Australasia,FALSE,FALSE,TRUE,FALSE,FALSE,FALSE,46,1,41710,NA,NA,150,NA,NA,2,0,Negative,batongpatay,Philippines,0.3010299957
Myanmar,East_Asia_and_Australasia,FALSE,FALSE,FALSE,FALSE,TRUE,FALSE,30,2,17260,643000,NA,650,19357,458000,2,0,Negative,ConstruKction,worldnews,0.3010299957
United_Kingdom-Northern_Ireland,Europe,TRUE,FALSE,TRUE,FALSE,FALSE,TRUE,46,0,3678,NA,NA,4,NA,NA,2,0,Negative,strdg99,AskReddit,0.3010299957
Peru-Shining_Path,Caribbean_and_the_Americas,FALSE,FALSE,TRUE,FALSE,FALSE,FALSE,20,0,669,150000,NA,14,NA,150000,2,0,Negative,ssd0004,Anarchism,0.3010299957
Philippines-NPA,East_Asia_and_Australasia,FALSE,FALSE,TRUE,FALSE,FALSE,FALSE,46,1,41710,NA,NA,200,NA,7000,2,0,Negative,mza66,communism,0.3010299957
Myanmar,East_Asia_and_Australasia,FALSE,FALSE,FALSE,FALSE,TRUE,FALSE,30,2,17260,643000,NA,300,NA,643000,2,0,Negative,meiyoumayo,TumblrInAction,0.3010299957
Syria,Middle_East_and_North_Africa,FALSE,TRUE,TRUE,FALSE,FALSE,FALSE,4,3,186500,7600000,4867560,60000,789944,2000000,2,0,Negative,[deleted],Metal,0.3010299957
Peru-Shining_Path,Caribbean_and_the_Americas,FALSE,FALSE,TRUE,FALSE,FALSE,FALSE,20,0,669,150000,NA,14,NA,150000,2,0,Negative,madtrav,worldbuilding,0.3010299957
Syria,Middle_East_and_North_Africa,FALSE,TRUE,TRUE,FALSE,FALSE,FALSE,4,3,186500,7600000,4867560,70000,NA,7600000,2,0,Negative,Revrant,Christianity,0.3010299957
Syria,Middle_East_and_North_Africa,FALSE,TRUE,TRUE,FALSE,FALSE,FALSE,4,3,186500,7600000,4867560,60000,789944,2000000,2,0,Negative,SirDelirium,AskReddit,0.3010299957
Peru-Shining_Path,Caribbean_and_the_Americas,FALSE,FALSE,TRUE,FALSE,FALSE,FALSE,20,0,669,150000,NA,30,NA,NA,2,0,Negative,JonathanZips,worldnews,0.3010299957
Peru-Shining_Path,Caribbean_and_the_Americas,FALSE,FALSE,TRUE,FALSE,FALSE,FALSE,20,0,669,150000,NA,NA,NA,NA,2,0,Negative,forte2,AskReddit,0.3010299957
Peru-Shining_Path,Caribbean_and_the_Americas,FALSE,FALSE,TRUE,FALSE,FALSE,FALSE,20,0,669,150000,NA,30,NA,NA,2,0,Negative,1RAOKADAY,atheism,0.3010299957
Peru-Shining_Path,Caribbean_and_the_Americas,FALSE,FALSE,TRUE,FALSE,FALSE,FALSE,20,0,669,150000,NA,NA,NA,NA,2,0,Negative,pakjones,ILiveIn,0.3010299957
Peru-Shining_Path,Caribbean_and_the_Americas,FALSE,FALSE,TRUE,FALSE,FALSE,FALSE,20,0,669,150000,NA,30,NA,NA,2,0,Negative,joe33333,books,0.3010299957
Peru-Shining_Path,Caribbean_and_the_Americas,FALSE,FALSE,TRUE,FALSE,FALSE,FALSE,20,0,669,150000,NA,14,NA,150000,2,0,Negative,elmonoenano,todayilearned,0.3010299957
Peru-Shining_Path,Caribbean_and_the_Americas,FALSE,FALSE,TRUE,FALSE,FALSE,FALSE,20,0,669,150000,NA,30,NA,NA,2,0,Negative,ripsmileyculture,AskHistorians,0.3010299957
United_Kingdom-Northern_Ireland,Europe,TRUE,FALSE,TRUE,FALSE,FALSE,TRUE,46,0,3678,NA,NA,4,NA,NA,2,0,Negative,crotchpoozie,economy,0.3010299957
United_Kingdom-Northern_Ireland,Europe,TRUE,FALSE,TRUE,FALSE,FALSE,TRUE,46,0,3678,NA,NA,1,NA,NA,2,0,Negative,PiersS,SimCity,0.3010299957
Syria,Middle_East_and_North_Africa,FALSE,TRUE,TRUE,FALSE,FALSE,FALSE,4,3,186500,7600000,4867560,49000,2231802,6500000,2,0,Negative,aussiewolfs,starcraft,0.3010299957
Syria,Middle_East_and_North_Africa,FALSE,TRUE,TRUE,FALSE,FALSE,FALSE,4,3,186500,7600000,4867560,60000,789944,2000000,2,0,Negative,XNormal,worldnews,0.3010299957
United_Kingdom-Northern_Ireland,Europe,TRUE,FALSE,TRUE,FALSE,FALSE,TRUE,46,0,3678,NA,NA,NA,NA,NA,2,0,Negative,capsulet,tumblr,0.3010299957
Syria,Middle_East_and_North_Africa,FALSE,TRUE,TRUE,FALSE,FALSE,FALSE,4,3,186500,7600000,4867560,60000,789944,2000000,2,0,Negative,jawathehutt,explainlikeimfive,0.3010299957
Mexico-Cartels,Caribbean_and_the_Americas,TRUE,TRUE,FALSE,FALSE,FALSE,FALSE,9,2,92339,160000,13024,18000,184,160000,2,0,Negative,half-shark-half-man,politics,0.3010299957
Mexico-Cartels,Caribbean_and_the_Americas,TRUE,TRUE,FALSE,FALSE,FALSE,FALSE,9,2,92339,160000,13024,18000,184,160000,2,0,Negative,sodangfancyfree,worldnews,0.3010299957
Mexico-Cartels,Caribbean_and_the_Americas,TRUE,TRUE,FALSE,FALSE,FALSE,FALSE,9,2,92339,160000,13024,18000,184,160000,2,0,Negative,gsxr,Sonsofanarchy,0.3010299957
Mexico-Cartels,Caribbean_and_the_Americas,TRUE,TRUE,FALSE,FALSE,FALSE,FALSE,9,2,92339,160000,13024,15000,NA,160000,2,0,Negative,barriekansai,WTF,0.3010299957
Syria,Middle_East_and_North_Africa,FALSE,TRUE,TRUE,FALSE,FALSE,FALSE,4,3,186500,7600000,4867560,70000,NA,7600000,2,0,Negative,Sadiebb,AskMen,0.3010299957
Syria,Middle_East_and_North_Africa,FALSE,TRUE,TRUE,FALSE,FALSE,FALSE,4,3,186500,7600000,4867560,60000,789944,2000000,2,0,Negative,wijsneus,gamedev,0.3010299957
Philippines-ASG,East_Asia_and_Australasia,TRUE,FALSE,TRUE,FALSE,FALSE,TRUE,24,1,2120,NA,NA,100,NA,NA,2,0,Negative,ImChrisHansenn,worldnews,0.3010299957
Syria,Middle_East_and_North_Africa,FALSE,TRUE,TRUE,FALSE,FALSE,FALSE,4,3,186500,7600000,4867560,60000,789944,2000000,2,0,Negative,Alioverthere,books,0.3010299957
Mexico-Cartels,Caribbean_and_the_Americas,TRUE,TRUE,FALSE,FALSE,FALSE,FALSE,9,2,92339,160000,13024,12000,568,160000,2,0,Negative,bardfaust,circlejerk,0.3010299957
Mexico-Cartels,Caribbean_and_the_Americas,TRUE,TRUE,FALSE,FALSE,FALSE,FALSE,9,2,92339,160000,13024,12000,568,160000,2,0,Negative,brownbeard,breakingbad,0.3010299957
Syria,Middle_East_and_North_Africa,FALSE,TRUE,TRUE,FALSE,FALSE,FALSE,4,3,186500,7600000,4867560,60000,789944,2000000,2,0,Negative,[deleted],Stoicism,0.3010299957
Syria,Middle_East_and_North_Africa,FALSE,TRUE,TRUE,FALSE,FALSE,FALSE,4,3,186500,7600000,4867560,49000,2231802,6500000,2,0,Negative,[deleted],gameswap,0.3010299957
Peru-Shining_Path,Caribbean_and_the_Americas,FALSE,FALSE,TRUE,FALSE,FALSE,FALSE,20,0,669,150000,NA,30,NA,NA,2,0,Negative,InterPunct,AskHistorians,0.3010299957
Peru-Shining_Path,Caribbean_and_the_Americas,FALSE,FALSE,TRUE,FALSE,FALSE,FALSE,20,0,669,150000,NA,14,NA,150000,2,0,Negative,Almonjin,worldnews,0.3010299957
Syria,Middle_East_and_North_Africa,FALSE,TRUE,TRUE,FALSE,FALSE,FALSE,4,3,186500,7600000,4867560,49000,2231802,6500000,2,0,Negative,Ironchef33,PuzzleAndDragons,0.3010299957
Syria,Middle_East_and_North_Africa,FALSE,TRUE,TRUE,FALSE,FALSE,FALSE,4,3,186500,7600000,4867560,60000,789944,2000000,2,0,Negative,Ivashkin,unitedkingdom,0.3010299957
Syria,Middle_East_and_North_Africa,FALSE,TRUE,TRUE,FALSE,FALSE,FALSE,4,3,186500,7600000,4867560,49000,2231802,6500000,2,0,Negative,poprop03,IAmA,0.3010299957
Syria,Middle_East_and_North_Africa,FALSE,TRUE,TRUE,FALSE,FALSE,FALSE,4,3,186500,7600000,4867560,49000,2231802,6500000,2,0,Negative,Fagetr0n,australia,0.3010299957
Peru-Shining_Path,Caribbean_and_the_Americas,FALSE,FALSE,TRUE,FALSE,FALSE,FALSE,20,0,669,150000,NA,14,NA,150000,2,0,Negative,FhurtadoS,HistoryPorn,0.3010299957
Syria,Middle_East_and_North_Africa,FALSE,TRUE,TRUE,FALSE,FALSE,FALSE,4,3,186500,7600000,4867560,60000,789944,2000000,2,0,Negative,ohiitsmeizz,AskReddit,0.3010299957
Peru-Shining_Path,Caribbean_and_the_Americas,FALSE,FALSE,TRUE,FALSE,FALSE,FALSE,20,0,669,150000,NA,14,NA,150000,2,0,Negative,mat101010,travel,0.3010299957
Syria,Middle_East_and_North_Africa,FALSE,TRUE,TRUE,FALSE,FALSE,FALSE,4,3,186500,7600000,4867560,70000,NA,7600000,2,0,Negative,aringoswami,Gunners,0.3010299957
Syria,Middle_East_and_North_Africa,FALSE,TRUE,TRUE,FALSE,FALSE,FALSE,4,3,186500,7600000,4867560,60000,789944,2000000,2,0,Negative,Mayfeild,masseffect,0.3010299957
Syria,Middle_East_and_North_Africa,FALSE,TRUE,TRUE,FALSE,FALSE,FALSE,4,3,186500,7600000,4867560,60000,789944,2000000,2,0,Negative,IdgieThreadgoode,AskReddit,0.3010299957
Syria,Middle_East_and_North_Africa,FALSE,TRUE,TRUE,FALSE,FALSE,FALSE,4,3,186500,7600000,4867560,49000,2231802,6500000,2,0,Negative,MUHBISCUITS,conspiracy,0.3010299957
Syria,Middle_East_and_North_Africa,FALSE,TRUE,TRUE,FALSE,FALSE,FALSE,4,3,186500,7600000,4867560,60000,789944,2000000,2,0,Negative,wanderingorion,microbiology,0.3010299957
Syria,Middle_East_and_North_Africa,FALSE,TRUE,TRUE,FALSE,FALSE,FALSE,4,3,186500,7600000,4867560,49000,2231802,6500000,2,0,Negative,xMooCowx,worldnews,0.3010299957
United_Kingdom-Northern_Ireland,Europe,TRUE,FALSE,TRUE,FALSE,FALSE,TRUE,46,0,3678,NA,NA,1,NA,NA,2,0,Negative,OdinTheAesir,batman,0.3010299957
Syria,Middle_East_and_North_Africa,FALSE,TRUE,TRUE,FALSE,FALSE,FALSE,4,3,186500,7600000,4867560,70000,NA,7600000,2,0,Negative,just_an_ordinary_guy,Anarcho_Capitalism,0.3010299957
China-Xinjiang,East_Asia_and_Australasia,FALSE,FALSE,TRUE,FALSE,TRUE,TRUE,24,2,2892,NA,NA,400,NA,NA,2,0,Negative,[deleted],australia,0.3010299957
Georgia-South_Ossetia,Russia_and_Eurasia,FALSE,FALSE,FALSE,FALSE,FALSE,TRUE,25,0,1467,257000,NA,NA,NA,NA,2,0,Negative,StupidWomen,UkrainianConflict,0.3010299957
China-Xinjiang,East_Asia_and_Australasia,FALSE,FALSE,TRUE,FALSE,TRUE,TRUE,24,2,2892,NA,NA,140,NA,NA,2,0,Negative,swimmingincheesecake,worldnews,0.3010299957
Myanmar,East_Asia_and_Australasia,FALSE,FALSE,FALSE,FALSE,TRUE,FALSE,30,2,17260,643000,NA,650,19357,458000,2,0,Negative,bgirlapostle,AskReddit,0.3010299957
Myanmar,East_Asia_and_Australasia,FALSE,FALSE,FALSE,FALSE,TRUE,FALSE,30,2,17260,643000,NA,150,83177,640767,2,0,Negative,jamarama,AskReddit,0.3010299957
Syria,Middle_East_and_North_Africa,FALSE,TRUE,TRUE,FALSE,FALSE,FALSE,4,3,186500,7600000,4867560,49000,2231802,6500000,2,0,Negative,[deleted],bisexual,0.3010299957
Syria,Middle_East_and_North_Africa,FALSE,TRUE,TRUE,FALSE,FALSE,FALSE,4,3,186500,7600000,4867560,60000,789944,2000000,2,0,Negative,timedevourer,gaming,0.3010299957
Mexico-Cartels,Caribbean_and_the_Americas,TRUE,TRUE,FALSE,FALSE,FALSE,FALSE,9,2,92339,160000,13024,18000,184,160000,2,0,Negative,OAMP,videos,0.3010299957
Mexico-Cartels,Caribbean_and_the_Americas,TRUE,TRUE,FALSE,FALSE,FALSE,FALSE,9,2,92339,160000,13024,18000,184,160000,2,0,Negative,sushib89,AskReddit,0.3010299957
Mexico-Cartels,Caribbean_and_the_Americas,TRUE,TRUE,FALSE,FALSE,FALSE,FALSE,9,2,92339,160000,13024,15000,NA,160000,2,0,Negative,M_G,DrugNerds,0.3010299957
Mexico-Cartels,Caribbean_and_the_Americas,TRUE,TRUE,FALSE,FALSE,FALSE,FALSE,9,2,92339,160000,13024,15000,NA,160000,2,0,Negative,Viatos,worldnews,0.3010299957
Syria,Middle_East_and_North_Africa,FALSE,TRUE,TRUE,FALSE,FALSE,FALSE,4,3,186500,7600000,4867560,60000,789944,2000000,2,0,Negative,urfloormatt,politics,0.3010299957
Myanmar,East_Asia_and_Australasia,FALSE,FALSE,FALSE,FALSE,TRUE,FALSE,30,2,17260,643000,NA,650,19357,458000,2,0,Negative,[deleted],Braveryjerk,0.3010299957
Georgia-South_Ossetia,Russia_and_Eurasia,FALSE,FALSE,FALSE,FALSE,FALSE,TRUE,25,0,1467,257000,NA,NA,NA,NA,2,0,Negative,kwh,worldnews,0.3010299957
China-Xinjiang,East_Asia_and_Australasia,FALSE,FALSE,TRUE,FALSE,TRUE,TRUE,24,2,2892,NA,NA,400,NA,NA,2,0,Negative,poloport,MorbidReality,0.3010299957
Peru-Shining_Path,Caribbean_and_the_Americas,FALSE,FALSE,TRUE,FALSE,FALSE,FALSE,20,0,669,150000,NA,14,NA,150000,2,0,Negative,mr-strange,AskReddit,0.3010299957
Peru-Shining_Path,Caribbean_and_the_Americas,FALSE,FALSE,TRUE,FALSE,FALSE,FALSE,20,0,669,150000,NA,14,NA,150000,2,0,Negative,BALLSDEEPINREDDIT,AskHistorians,0.3010299957
Peru-Shining_Path,Caribbean_and_the_Americas,FALSE,FALSE,TRUE,FALSE,FALSE,FALSE,20,0,669,150000,NA,14,NA,150000,2,0,Negative,Sertii,Anarcho_Capitalism,0.3010299957
Myanmar,East_Asia_and_Australasia,FALSE,FALSE,FALSE,FALSE,TRUE,FALSE,30,2,17260,643000,NA,150,83177,640767,2,0,VeryNegative,wial,worldnews,0.3010299957
Mexico-Cartels,Caribbean_and_the_Americas,TRUE,TRUE,FALSE,FALSE,FALSE,FALSE,9,2,92339,160000,13024,12000,568,160000,2,0,VeryNegative,Revoran,politics,0.3010299957
Mexico-Cartels,Caribbean_and_the_Americas,TRUE,TRUE,FALSE,FALSE,FALSE,FALSE,9,2,92339,160000,13024,18000,184,160000,2,0,VeryNegative,WhoCaresSrsly,MorbidReality,0.3010299957
Peru-Shining_Path,Caribbean_and_the_Americas,FALSE,FALSE,TRUE,FALSE,FALSE,FALSE,20,0,669,150000,NA,14,NA,150000,2,0,VeryNegative,LurkerTriumphant,funny,0.3010299957
Philippines-NPA,East_Asia_and_Australasia,FALSE,FALSE,TRUE,FALSE,FALSE,FALSE,46,1,41710,NA,NA,150,NA,NA,2,0,VeryNegative,ssd0004,DebateaCommunist,0.3010299957
Southern_Thailand,East_Asia_and_Australasia,FALSE,FALSE,TRUE,FALSE,FALSE,TRUE,11,2,4050,35000,NA,250,NA,35000,2,0,VeryNegative,ShinyMetalBum,malaysia,0.3010299957
Peru-Shining_Path,Caribbean_and_the_Americas,FALSE,FALSE,TRUE,FALSE,FALSE,FALSE,20,0,669,150000,NA,14,NA,150000,2,0,VeryNegative,amaxen,changemyview,0.3010299957
Peru-Shining_Path,Caribbean_and_the_Americas,FALSE,FALSE,TRUE,FALSE,FALSE,FALSE,20,0,669,150000,NA,14,NA,150000,2,0,VeryNegative,RageoftheMonkey,AskHistorians,0.3010299957
United_Kingdom-Northern_Ireland,Europe,TRUE,FALSE,TRUE,FALSE,FALSE,TRUE,46,0,3678,NA,NA,1,NA,NA,2,0,VeryNegative,pavetheway3,videos,0.3010299957
Philippines-MILF,East_Asia_and_Australasia,FALSE,FALSE,FALSE,FALSE,FALSE,TRUE,31,1,73500,115772,NA,70,NA,7000,3,0,Negative,Kanadier,AskHistorians,0.4771212547
Central_America-Northern_Triangle,Caribbean_and_the_Americas,TRUE,FALSE,FALSE,FALSE,FALSE,FALSE,5,2,76000,NA,NA,15000,NA,NA,3,0,Negative,TheShocker1119,trees,0.4771212547
Mexico-Cartels,Caribbean_and_the_Americas,TRUE,TRUE,FALSE,FALSE,FALSE,FALSE,9,2,92339,160000,13024,12000,568,160000,3,0,Negative,[deleted],AskReddit,0.4771212547
Myanmar,East_Asia_and_Australasia,FALSE,FALSE,FALSE,FALSE,TRUE,FALSE,30,2,17260,643000,NA,150,83177,640767,3,0,Negative,deeceeo,todayilearned,0.4771212547
Mexico-Cartels,Caribbean_and_the_Americas,TRUE,TRUE,FALSE,FALSE,FALSE,FALSE,9,2,92339,160000,13024,18000,184,160000,3,0,Negative,Tarantio,news,0.4771212547
Turkey-PKK,Europe,FALSE,FALSE,TRUE,FALSE,FALSE,TRUE,31,2,43530,954000,NA,140,518,954000,3,0,Negative,thizzacre,MorbidReality,0.4771212547
Myanmar,East_Asia_and_Australasia,FALSE,FALSE,FALSE,FALSE,TRUE,FALSE,30,2,17260,643000,NA,150,83177,640767,3,0,Negative,patrick_winn_bangkok,IAmA,0.4771212547
Turkey-PKK,Europe,FALSE,FALSE,TRUE,FALSE,FALSE,TRUE,31,2,43530,954000,NA,800,907,1000000,3,0,Negative,TyroneSlothropPaper,politics,0.4771212547
Myanmar,East_Asia_and_Australasia,FALSE,FALSE,FALSE,FALSE,TRUE,FALSE,30,2,17260,643000,NA,650,19357,458000,3,0,Negative,tharju,obama,0.4771212547
Turkey-PKK,Europe,FALSE,FALSE,TRUE,FALSE,FALSE,TRUE,31,2,43530,954000,NA,140,518,954000,3,0,Negative,mandala7,Turkey,0.4771212547
Philippines-NPA,East_Asia_and_Australasia,FALSE,FALSE,TRUE,FALSE,FALSE,FALSE,46,1,41710,NA,NA,200,NA,7000,3,0,Negative,[deleted],communism,0.4771212547
Turkey-PKK,Europe,FALSE,FALSE,TRUE,FALSE,FALSE,TRUE,31,2,43530,954000,NA,140,518,954000,3,0,Negative,[deleted],syriancivilwar,0.4771212547
Philippines-NPA,East_Asia_and_Australasia,FALSE,FALSE,TRUE,FALSE,FALSE,FALSE,46,1,41710,NA,NA,150,NA,NA,3,0,Negative,Red_Deer,communism,0.4771212547
Myanmar,East_Asia_and_Australasia,FALSE,FALSE,FALSE,FALSE,TRUE,FALSE,30,2,17260,643000,NA,150,83177,640767,3,0,Negative,madkent,australia,0.4771212547
Peru-Shining_Path,Caribbean_and_the_Americas,FALSE,FALSE,TRUE,FALSE,FALSE,FALSE,20,0,669,150000,NA,14,NA,150000,3,0,Negative,graphictruth,PoliticalHumor,0.4771212547
Mexico-Cartels,Caribbean_and_the_Americas,TRUE,TRUE,FALSE,FALSE,FALSE,FALSE,9,2,92339,160000,13024,18000,184,160000,3,0,Negative,123lurker456,worldnews,0.4771212547
Peru-Shining_Path,Caribbean_and_the_Americas,FALSE,FALSE,TRUE,FALSE,FALSE,FALSE,20,0,669,150000,NA,NA,NA,NA,3,0,Negative,themopass,movies,0.4771212547
Philippines-NPA,East_Asia_and_Australasia,FALSE,FALSE,TRUE,FALSE,FALSE,FALSE,46,1,41710,NA,NA,150,NA,NA,3,0,Negative,KazakhZilla,airsoft,0.4771212547
Mexico-Cartels,Caribbean_and_the_Americas,TRUE,TRUE,FALSE,FALSE,FALSE,FALSE,9,2,92339,160000,13024,18000,184,160000,3,0,Negative,MRB2012,AskMen,0.4771212547
Mexico-Cartels,Caribbean_and_the_Americas,TRUE,TRUE,FALSE,FALSE,FALSE,FALSE,9,2,92339,160000,13024,15000,NA,160000,3,0,Negative,BigBennP,worldnews,0.4771212547
Indonesia-West_Papua,East_Asia_and_Australasia,FALSE,FALSE,FALSE,FALSE,FALSE,TRUE,50,0,30249,NA,NA,3,NA,NA,3,0,Negative,islamiconsciousness,islam,0.4771212547
Indonesia-West_Papua,East_Asia_and_Australasia,FALSE,FALSE,FALSE,FALSE,FALSE,TRUE,50,0,30249,NA,NA,25,NA,NA,3,0,Negative,[deleted],worldnews,0.4771212547
Peru-Shining_Path,Caribbean_and_the_Americas,FALSE,FALSE,TRUE,FALSE,FALSE,FALSE,20,0,669,150000,NA,14,NA,150000,3,0,Negative,Maginotbluestars,worldnews,0.4771212547
Turkey-PKK,Europe,FALSE,FALSE,TRUE,FALSE,FALSE,TRUE,31,2,43530,954000,NA,140,518,954000,3,0,Negative,virtually_sane,worldnews,0.4771212547
Peru-Shining_Path,Caribbean_and_the_Americas,FALSE,FALSE,TRUE,FALSE,FALSE,FALSE,20,0,669,150000,NA,30,NA,NA,3,0,Negative,LCNegrini,AskReddit,0.4771212547
Philippines-NPA,East_Asia_and_Australasia,FALSE,FALSE,TRUE,FALSE,FALSE,FALSE,46,1,41710,NA,NA,150,NA,NA,3,0,Negative,oliverhart,communism101,0.4771212547
Peru-Shining_Path,Caribbean_and_the_Americas,FALSE,FALSE,TRUE,FALSE,FALSE,FALSE,20,0,669,150000,NA,30,NA,NA,3,0,Negative,[deleted],communism,0.4771212547
Mexico-Cartels,Caribbean_and_the_Americas,TRUE,TRUE,FALSE,FALSE,FALSE,FALSE,9,2,92339,160000,13024,12000,568,160000,3,0,Negative,Bloodysneeze,moderatepolitics,0.4771212547
Philippines-NPA,East_Asia_and_Australasia,FALSE,FALSE,TRUE,FALSE,FALSE,FALSE,46,1,41710,NA,NA,200,NA,7000,3,0,Negative,Ciryandor,atheism,0.4771212547
Mexico-Cartels,Caribbean_and_the_Americas,TRUE,TRUE,FALSE,FALSE,FALSE,FALSE,9,2,92339,160000,13024,12000,568,160000,3,0,Negative,[deleted],WTF,0.4771212547
Mexico-Cartels,Caribbean_and_the_Americas,TRUE,TRUE,FALSE,FALSE,FALSE,FALSE,9,2,92339,160000,13024,18000,184,160000,3,0,Negative,onewhococks,breakingbad,0.4771212547
Mexico-Cartels,Caribbean_and_the_Americas,TRUE,TRUE,FALSE,FALSE,FALSE,FALSE,9,2,92339,160000,13024,12000,568,160000,3,0,Negative,Roomy,AskReddit,0.4771212547
Southern_Thailand,East_Asia_and_Australasia,FALSE,FALSE,TRUE,FALSE,FALSE,TRUE,11,2,4050,35000,NA,250,NA,35000,3,0,Negative,Globalized,wien,0.4771212547
Peru-Shining_Path,Caribbean_and_the_Americas,FALSE,FALSE,TRUE,FALSE,FALSE,FALSE,20,0,669,150000,NA,30,NA,NA,3,0,Negative,[deleted],communism,0.4771212547
Mexico-Cartels,Caribbean_and_the_Americas,TRUE,TRUE,FALSE,FALSE,FALSE,FALSE,9,2,92339,160000,13024,18000,184,160000,3,0,Negative,JokeTwoSmoints,progun,0.4771212547
Peru-Shining_Path,Caribbean_and_the_Americas,FALSE,FALSE,TRUE,FALSE,FALSE,FALSE,20,0,669,150000,NA,NA,NA,NA,3,0,Negative,sulaymanf,books,0.4771212547
Georgia-South_Ossetia,Russia_and_Eurasia,FALSE,FALSE,FALSE,FALSE,FALSE,TRUE,25,0,1467,257000,NA,NA,NA,257000,3,0,Negative,BabyWookie,CombatFootage,0.4771212547
Georgia-South_Ossetia,Russia_and_Eurasia,FALSE,FALSE,FALSE,FALSE,FALSE,TRUE,25,0,1467,257000,NA,NA,NA,257000,3,0,Negative,[deleted],MilitaryPorn,0.4771212547
Peru-Shining_Path,Caribbean_and_the_Americas,FALSE,FALSE,TRUE,FALSE,FALSE,FALSE,20,0,669,150000,NA,30,NA,NA,3,0,Negative,jmp3903,communism,0.4771212547
Myanmar,East_Asia_and_Australasia,FALSE,FALSE,FALSE,FALSE,TRUE,FALSE,30,2,17260,643000,NA,150,83177,640767,3,0,Negative,minminsaur,worldnews,0.4771212547
Philippines-NPA,East_Asia_and_Australasia,FALSE,FALSE,TRUE,FALSE,FALSE,FALSE,46,1,41710,NA,NA,150,NA,NA,3,0,Negative,[deleted],socialism,0.4771212547
Turkey-PKK,Europe,FALSE,FALSE,TRUE,FALSE,FALSE,TRUE,31,2,43530,954000,NA,800,907,1000000,3,0,Negative,iSYAN82,worldnews,0.4771212547
Turkey-PKK,Europe,FALSE,FALSE,TRUE,FALSE,FALSE,TRUE,31,2,43530,954000,NA,800,907,1000000,3,0,Negative,danvolodar,MilitaryPorn,0.4771212547
Myanmar,East_Asia_and_Australasia,FALSE,FALSE,FALSE,FALSE,TRUE,FALSE,30,2,17260,643000,NA,650,19357,458000,3,0,Negative,davidsmeaton,travel,0.4771212547
Myanmar,East_Asia_and_Australasia,FALSE,FALSE,FALSE,FALSE,TRUE,FALSE,30,2,17260,643000,NA,650,19357,458000,3,0,Negative,screw_on_head,funny,0.4771212547
Myanmar,East_Asia_and_Australasia,FALSE,FALSE,FALSE,FALSE,TRUE,FALSE,30,2,17260,643000,NA,650,19357,458000,3,0,Negative,mae_dae,obama,0.4771212547
Myanmar,East_Asia_and_Australasia,FALSE,FALSE,FALSE,FALSE,TRUE,FALSE,30,2,17260,643000,NA,150,83177,640767,3,0,Negative,abelbattery,comicbooks,0.4771212547
Central_Asia,Russia_and_Eurasia,TRUE,FALSE,TRUE,FALSE,FALSE,FALSE,16,1,1188,70400,NA,10,NA,70400,3,0,Negative,grumbal,europe,0.4771212547
Philippines-NPA,East_Asia_and_Australasia,FALSE,FALSE,TRUE,FALSE,FALSE,FALSE,46,1,41710,NA,NA,200,NA,7000,3,0,Negative,mza66,communism,0.4771212547
United_Kingdom-Northern_Ireland,Europe,TRUE,FALSE,TRUE,FALSE,FALSE,TRUE,46,0,3678,NA,NA,4,NA,NA,3,0,Negative,mansionsong,IAmA,0.4771212547
Syria,Middle_East_and_North_Africa,FALSE,TRUE,TRUE,FALSE,FALSE,FALSE,4,3,186500,7600000,4867560,60000,789944,2000000,3,0,Negative,bethleenquinzel,introvert,0.4771212547
Peru-Shining_Path,Caribbean_and_the_Americas,FALSE,FALSE,TRUE,FALSE,FALSE,FALSE,20,0,669,150000,NA,14,NA,150000,3,0,Negative,Queervegosupremo666,punk,0.4771212547
Peru-Shining_Path,Caribbean_and_the_Americas,FALSE,FALSE,TRUE,FALSE,FALSE,FALSE,20,0,669,150000,NA,30,NA,NA,3,0,Negative,Sheeplauncher,stonerrock,0.4771212547
Peru-Shining_Path,Caribbean_and_the_Americas,FALSE,FALSE,TRUE,FALSE,FALSE,FALSE,20,0,669,150000,NA,30,NA,NA,3,0,Negative,ofarrizzle,PoliticalDiscussion,0.4771212547
Peru-Shining_Path,Caribbean_and_the_Americas,FALSE,FALSE,TRUE,FALSE,FALSE,FALSE,20,0,669,150000,NA,14,NA,150000,3,0,Negative,greengeezer56,news,0.4771212547
Peru-Shining_Path,Caribbean_and_the_Americas,FALSE,FALSE,TRUE,FALSE,FALSE,FALSE,20,0,669,150000,NA,14,NA,150000,3,0,Negative,criticalnegation,Anarchism,0.4771212547
Peru-Shining_Path,Caribbean_and_the_Americas,FALSE,FALSE,TRUE,FALSE,FALSE,FALSE,20,0,669,150000,NA,30,NA,NA,3,0,Negative,JonathanZips,todayilearned,0.4771212547
Peru-Shining_Path,Caribbean_and_the_Americas,FALSE,FALSE,TRUE,FALSE,FALSE,FALSE,20,0,669,150000,NA,14,NA,150000,3,0,Negative,[deleted],worldnews,0.4771212547
United_Kingdom-Northern_Ireland,Europe,TRUE,FALSE,TRUE,FALSE,FALSE,TRUE,46,0,3678,NA,NA,1,NA,NA,3,0,Negative,Extra_MSG,psychology,0.4771212547
Central_Asia,Russia_and_Eurasia,TRUE,FALSE,TRUE,FALSE,FALSE,FALSE,16,1,1188,70400,NA,10,NA,70400,3,0,Negative,RogerStrong,politics,0.4771212547
Central_Asia,Russia_and_Eurasia,TRUE,FALSE,TRUE,FALSE,FALSE,FALSE,16,1,1188,70400,NA,10,NA,70400,3,0,Negative,[deleted],worldnews,0.4771212547
Mexico-Cartels,Caribbean_and_the_Americas,TRUE,TRUE,FALSE,FALSE,FALSE,FALSE,9,2,92339,160000,13024,18000,184,160000,3,0,Negative,[deleted],AskReddit,0.4771212547
United_Kingdom-Northern_Ireland,Europe,TRUE,FALSE,TRUE,FALSE,FALSE,TRUE,46,0,3678,NA,NA,4,NA,NA,3,0,Negative,vikingsquad,Norse,0.4771212547
Syria,Middle_East_and_North_Africa,FALSE,TRUE,TRUE,FALSE,FALSE,FALSE,4,3,186500,7600000,4867560,60000,789944,2000000,3,0,Negative,otakuman,RepublicOfAtheism,0.4771212547
Peru-Shining_Path,Caribbean_and_the_Americas,FALSE,FALSE,TRUE,FALSE,FALSE,FALSE,20,0,669,150000,NA,30,NA,NA,3,0,Negative,WendyLRogers3,WTF,0.4771212547
Syria,Middle_East_and_North_Africa,FALSE,TRUE,TRUE,FALSE,FALSE,FALSE,4,3,186500,7600000,4867560,49000,2231802,6500000,3,0,Negative,Gravediggers,DotA2,0.4771212547
Syria,Middle_East_and_North_Africa,FALSE,TRUE,TRUE,FALSE,FALSE,FALSE,4,3,186500,7600000,4867560,49000,2231802,6500000,3,0,Negative,hshsjdjfkfotiehavdi,WTF,0.4771212547
Syria,Middle_East_and_North_Africa,FALSE,TRUE,TRUE,FALSE,FALSE,FALSE,4,3,186500,7600000,4867560,49000,2231802,6500000,3,0,Negative,mesodude,politics,0.4771212547
Georgia-South_Ossetia,Russia_and_Eurasia,FALSE,FALSE,FALSE,FALSE,FALSE,TRUE,25,0,1467,257000,NA,NA,NA,NA,3,0,Negative,Urartu_TH,worldnews,0.4771212547
Syria,Middle_East_and_North_Africa,FALSE,TRUE,TRUE,FALSE,FALSE,FALSE,4,3,186500,7600000,4867560,60000,789944,2000000,3,0,Negative,Rogeroga,mexico,0.4771212547
Georgia-South_Ossetia,Russia_and_Eurasia,FALSE,FALSE,FALSE,FALSE,FALSE,TRUE,25,0,1467,257000,NA,NA,NA,257000,3,0,Negative,hconfiance,totalwar,0.4771212547
Syria,Middle_East_and_North_Africa,FALSE,TRUE,TRUE,FALSE,FALSE,FALSE,4,3,186500,7600000,4867560,49000,2231802,6500000,3,0,Negative,BlatantConservative,worldnews,0.4771212547
Peru-Shining_Path,Caribbean_and_the_Americas,FALSE,FALSE,TRUE,FALSE,FALSE,FALSE,20,0,669,150000,NA,14,NA,150000,3,0,Negative,[deleted],occult,0.4771212547
Syria,Middle_East_and_North_Africa,FALSE,TRUE,TRUE,FALSE,FALSE,FALSE,4,3,186500,7600000,4867560,70000,NA,7600000,3,0,Negative,ChumleesCumRag,WTF,0.4771212547
Syria,Middle_East_and_North_Africa,FALSE,TRUE,TRUE,FALSE,FALSE,FALSE,4,3,186500,7600000,4867560,49000,2231802,6500000,3,0,Negative,eazy_jeezy,libertarianmeme,0.4771212547
Syria,Middle_East_and_North_Africa,FALSE,TRUE,TRUE,FALSE,FALSE,FALSE,4,3,186500,7600000,4867560,60000,789944,2000000,3,0,Negative,Skulder,techsupport,0.4771212547
Syria,Middle_East_and_North_Africa,FALSE,TRUE,TRUE,FALSE,FALSE,FALSE,4,3,186500,7600000,4867560,70000,NA,7600000,3,0,Negative,NotAnAngryPenguin,manchester,0.4771212547
Syria,Middle_East_and_North_Africa,FALSE,TRUE,TRUE,FALSE,FALSE,FALSE,4,3,186500,7600000,4867560,49000,2231802,6500000,3,0,Negative,DeeBoFour20,Bitcoin,0.4771212547
Syria,Middle_East_and_North_Africa,FALSE,TRUE,TRUE,FALSE,FALSE,FALSE,4,3,186500,7600000,4867560,70000,NA,7600000,3,0,Negative,nutsaq,askgaybros,0.4771212547
Syria,Middle_East_and_North_Africa,FALSE,TRUE,TRUE,FALSE,FALSE,FALSE,4,3,186500,7600000,4867560,49000,2231802,6500000,3,0,Negative,LabansWidow,exmormon,0.4771212547
Georgia-South_Ossetia,Russia_and_Eurasia,FALSE,FALSE,FALSE,FALSE,FALSE,TRUE,25,0,1467,257000,NA,NA,NA,NA,3,0,Negative,[deleted],IAmA,0.4771212547
United_Kingdom-Northern_Ireland,Europe,TRUE,FALSE,TRUE,FALSE,FALSE,TRUE,46,0,3678,NA,NA,4,NA,NA,3,0,Negative,bigtice,tennis,0.4771212547
United_Kingdom-Northern_Ireland,Europe,TRUE,FALSE,TRUE,FALSE,FALSE,TRUE,46,0,3678,NA,NA,4,NA,NA,3,0,Negative,AeroAD,sysadmin,0.4771212547
Georgia-South_Ossetia,Russia_and_Eurasia,FALSE,FALSE,FALSE,FALSE,FALSE,TRUE,25,0,1467,257000,NA,2,NA,NA,3,0,Negative,lithiumsix,airsoft,0.4771212547
Georgia-South_Ossetia,Russia_and_Eurasia,FALSE,FALSE,FALSE,FALSE,FALSE,TRUE,25,0,1467,257000,NA,2,NA,NA,3,0,Negative,AdelleChattre,politics,0.4771212547
United_Kingdom-Northern_Ireland,Europe,TRUE,FALSE,TRUE,FALSE,FALSE,TRUE,46,0,3678,NA,NA,1,NA,NA,3,0,Negative,Quouar,SubredditDrama,0.4771212547
Mexico-Cartels,Caribbean_and_the_Americas,TRUE,TRUE,FALSE,FALSE,FALSE,FALSE,9,2,92339,160000,13024,18000,184,160000,3,0,Negative,MentalAtrophy,worldnews,0.4771212547
Syria,Middle_East_and_North_Africa,FALSE,TRUE,TRUE,FALSE,FALSE,FALSE,4,3,186500,7600000,4867560,49000,2231802,6500000,3,0,Negative,MrJeebusJuice,MLPLounge,0.4771212547
Mexico-Cartels,Caribbean_and_the_Americas,TRUE,TRUE,FALSE,FALSE,FALSE,FALSE,9,2,92339,160000,13024,18000,184,160000,3,0,Negative,VWBusMan,gaming,0.4771212547
United_Kingdom-Northern_Ireland,Europe,TRUE,FALSE,TRUE,FALSE,FALSE,TRUE,46,0,3678,NA,NA,4,NA,NA,3,0,Negative,zserfvbhuik,melbourne,0.4771212547
Myanmar,East_Asia_and_Australasia,FALSE,FALSE,FALSE,FALSE,TRUE,FALSE,30,2,17260,643000,NA,150,83177,640767,3,0,Negative,EquanimousMind,evolutionReddit,0.4771212547
Syria,Middle_East_and_North_Africa,FALSE,TRUE,TRUE,FALSE,FALSE,FALSE,4,3,186500,7600000,4867560,49000,2231802,6500000,3,0,Negative,burns58,poker,0.4771212547
Georgia-South_Ossetia,Russia_and_Eurasia,FALSE,FALSE,FALSE,FALSE,FALSE,TRUE,25,0,1467,257000,NA,2,NA,NA,3,0,Negative,BabyWookie,guns,0.4771212547
Georgia-South_Ossetia,Russia_and_Eurasia,FALSE,FALSE,FALSE,FALSE,FALSE,TRUE,25,0,1467,257000,NA,2,NA,NA,3,0,Negative,sigruta,worldnews,0.4771212547
Myanmar,East_Asia_and_Australasia,FALSE,FALSE,FALSE,FALSE,TRUE,FALSE,30,2,17260,643000,NA,150,83177,640767,3,0,Negative,EggCouncil,metacanada,0.4771212547
Peru-Shining_Path,Caribbean_and_the_Americas,FALSE,FALSE,TRUE,FALSE,FALSE,FALSE,20,0,669,150000,NA,14,NA,150000,3,0,VeryNegative,aiapaec,PERU,0.4771212547
Mexico-Cartels,Caribbean_and_the_Americas,TRUE,TRUE,FALSE,FALSE,FALSE,FALSE,9,2,92339,160000,13024,12000,568,160000,3,0,VeryNegative,murara,IAmA,0.4771212547
Philippines-NPA,East_Asia_and_Australasia,FALSE,FALSE,TRUE,FALSE,FALSE,FALSE,46,1,41710,NA,NA,200,NA,7000,3,0,VeryNegative,[deleted],circlebroke,0.4771212547
Indonesia-West_Papua,East_Asia_and_Australasia,FALSE,FALSE,FALSE,FALSE,FALSE,TRUE,50,0,30249,NA,NA,25,NA,NA,3,0,VeryNegative,Majorbookworm,polandball,0.4771212547
Indonesia-West_Papua,East_Asia_and_Australasia,FALSE,FALSE,FALSE,FALSE,FALSE,TRUE,50,0,30249,NA,NA,25,NA,NA,3,0,VeryNegative,Het_Bestemmingsplan,polandball,0.4771212547
Southern_Thailand,East_Asia_and_Australasia,FALSE,FALSE,TRUE,FALSE,FALSE,TRUE,11,2,4050,35000,NA,250,NA,35000,3,0,VeryNegative,anak_jakarta,indonesia,0.4771212547
Central_Asia,Russia_and_Eurasia,TRUE,FALSE,TRUE,FALSE,FALSE,FALSE,16,1,1188,70400,NA,35,NA,70400,3,0,VeryNegative,KingQajar,FutureWhatIf,0.4771212547
Peru-Shining_Path,Caribbean_and_the_Americas,FALSE,FALSE,TRUE,FALSE,FALSE,FALSE,20,0,669,150000,NA,14,NA,150000,3,0,VeryNegative,balletboy,todayilearned,0.4771212547
Myanmar,East_Asia_and_Australasia,FALSE,FALSE,FALSE,FALSE,TRUE,FALSE,30,2,17260,643000,NA,150,83177,640767,3,0,VeryNegative,stult,gaming,0.4771212547
China-Xinjiang,East_Asia_and_Australasia,FALSE,FALSE,TRUE,FALSE,TRUE,TRUE,24,2,2892,NA,NA,400,NA,NA,3,0,VeryNegative,autowikibot,MorbidReality,0.4771212547
Georgia-South_Ossetia,Russia_and_Eurasia,FALSE,FALSE,FALSE,FALSE,FALSE,TRUE,25,0,1467,257000,NA,NA,NA,NA,3,0,VeryNegative,theEWOKcommando,worldnews,0.4771212547
Mexico-Cartels,Caribbean_and_the_Americas,TRUE,TRUE,FALSE,FALSE,FALSE,FALSE,9,2,92339,160000,13024,12000,568,160000,4,0,Negative,[deleted],Conservative,0.6020599913
Myanmar,East_Asia_and_Australasia,FALSE,FALSE,FALSE,FALSE,TRUE,FALSE,30,2,17260,643000,NA,650,19357,458000,4,0,Negative,green_flash,worldnews,0.6020599913
Mexico-Cartels,Caribbean_and_the_Americas,TRUE,TRUE,FALSE,FALSE,FALSE,FALSE,9,2,92339,160000,13024,12000,568,160000,4,0,Negative,mirth23,worldpolitics,0.6020599913
Turkey-PKK,Europe,FALSE,FALSE,TRUE,FALSE,FALSE,TRUE,31,2,43530,954000,NA,800,907,1000000,4,0,Negative,bit_inquisition,explainlikeimfive,0.6020599913
Mexico-Cartels,Caribbean_and_the_Americas,TRUE,TRUE,FALSE,FALSE,FALSE,FALSE,9,2,92339,160000,13024,18000,184,160000,4,0,Negative,ButterflySammy,television,0.6020599913
Myanmar,East_Asia_and_Australasia,FALSE,FALSE,FALSE,FALSE,TRUE,FALSE,30,2,17260,643000,NA,650,19357,458000,4,0,Negative,Floonet,TwoXChromosomes,0.6020599913
Peru-Shining_Path,Caribbean_and_the_Americas,FALSE,FALSE,TRUE,FALSE,FALSE,FALSE,20,0,669,150000,NA,14,NA,150000,4,0,Negative,RodeoRuck,AskReddit,0.6020599913
Turkey-PKK,Europe,FALSE,FALSE,TRUE,FALSE,FALSE,TRUE,31,2,43530,954000,NA,800,907,1000000,4,0,Negative,nycprogressive,atheism,0.6020599913
Mexico-Cartels,Caribbean_and_the_Americas,TRUE,TRUE,FALSE,FALSE,FALSE,FALSE,9,2,92339,160000,13024,18000,184,160000,4,0,Negative,brocklang,breakingbad,0.6020599913
Southern_Thailand,East_Asia_and_Australasia,FALSE,FALSE,TRUE,FALSE,FALSE,TRUE,11,2,4050,35000,NA,275,NA,NA,4,0,Negative,[deleted],worldnews,0.6020599913
Mexico-Cartels,Caribbean_and_the_Americas,TRUE,TRUE,FALSE,FALSE,FALSE,FALSE,9,2,92339,160000,13024,18000,184,160000,4,0,Negative,hybroid,worldnews,0.6020599913
Georgia-South_Ossetia,Russia_and_Eurasia,FALSE,FALSE,FALSE,FALSE,FALSE,TRUE,25,0,1467,257000,NA,NA,NA,257000,4,0,Negative,AbouBenAdhem,AskHistorians,0.6020599913
Turkey-PKK,Europe,FALSE,FALSE,TRUE,FALSE,FALSE,TRUE,31,2,43530,954000,NA,140,518,954000,4,0,Negative,rvb123,exatheist,0.6020599913
Myanmar,East_Asia_and_Australasia,FALSE,FALSE,FALSE,FALSE,TRUE,FALSE,30,2,17260,643000,NA,650,19357,458000,4,0,Negative,zblofu,Buddhism,0.6020599913
Central_Asia,Russia_and_Eurasia,TRUE,FALSE,TRUE,FALSE,FALSE,FALSE,16,1,1188,70400,NA,10,NA,70400,4,0,Negative,IdeasNotIdeology,NeutralPolitics,0.6020599913
Philippines-NPA,East_Asia_and_Australasia,FALSE,FALSE,TRUE,FALSE,FALSE,FALSE,46,1,41710,NA,NA,150,NA,NA,4,0,Negative,brown_eggs,communism,0.6020599913
Philippines-NPA,East_Asia_and_Australasia,FALSE,FALSE,TRUE,FALSE,FALSE,FALSE,46,1,41710,NA,NA,200,NA,7000,4,0,Negative,[deleted],communism,0.6020599913
Central_Asia,Russia_and_Eurasia,TRUE,FALSE,TRUE,FALSE,FALSE,FALSE,16,1,1188,70400,NA,250,NA,67726,4,0,Negative,SlightlyAmused,pics,0.6020599913
United_Kingdom-Northern_Ireland,Europe,TRUE,FALSE,TRUE,FALSE,FALSE,TRUE,46,0,3678,NA,NA,4,NA,NA,4,0,Negative,badp4nd4,worldnews,0.6020599913
Central_Asia,Russia_and_Eurasia,TRUE,FALSE,TRUE,FALSE,FALSE,FALSE,16,1,1188,70400,NA,250,NA,67726,4,0,Negative,Rex_Mundi,HumanPorn,0.6020599913
Mexico-Cartels,Caribbean_and_the_Americas,TRUE,TRUE,FALSE,FALSE,FALSE,FALSE,9,2,92339,160000,13024,18000,184,160000,4,0,Negative,iHardlyEverComment,watchpeopledie,0.6020599913
Syria,Middle_East_and_North_Africa,FALSE,TRUE,TRUE,FALSE,FALSE,FALSE,4,3,186500,7600000,4867560,60000,789944,2000000,4,0,Negative,Faryshta,mexico,0.6020599913
Peru-Shining_Path,Caribbean_and_the_Americas,FALSE,FALSE,TRUE,FALSE,FALSE,FALSE,20,0,669,150000,NA,14,NA,150000,4,0,Negative,Hyniko,todayilearned,0.6020599913
Peru-Shining_Path,Caribbean_and_the_Americas,FALSE,FALSE,TRUE,FALSE,FALSE,FALSE,20,0,669,150000,NA,14,NA,150000,4,0,Negative,arjun10,socialism,0.6020599913
Syria,Middle_East_and_North_Africa,FALSE,TRUE,TRUE,FALSE,FALSE,FALSE,4,3,186500,7600000,4867560,60000,789944,2000000,4,0,Negative,Prometheus__,exlibertarian,0.6020599913
Georgia-South_Ossetia,Russia_and_Eurasia,FALSE,FALSE,FALSE,FALSE,FALSE,TRUE,25,0,1467,257000,NA,NA,NA,257000,4,0,Negative,Doghi,vexillology,0.6020599913
Syria,Middle_East_and_North_Africa,FALSE,TRUE,TRUE,FALSE,FALSE,FALSE,4,3,186500,7600000,4867560,49000,2231802,6500000,4,0,Negative,isysdamn,worldnews,0.6020599913
Syria,Middle_East_and_North_Africa,FALSE,TRUE,TRUE,FALSE,FALSE,FALSE,4,3,186500,7600000,4867560,60000,789944,2000000,4,0,Negative,PiddlerOnTheRoof,SketchDaily,0.6020599913
Syria,Middle_East_and_North_Africa,FALSE,TRUE,TRUE,FALSE,FALSE,FALSE,4,3,186500,7600000,4867560,60000,789944,2000000,4,0,Negative,eaturbrainz,occupywallstreet,0.6020599913
Myanmar,East_Asia_and_Australasia,FALSE,FALSE,FALSE,FALSE,TRUE,FALSE,30,2,17260,643000,NA,650,19357,458000,4,0,Negative,hippiechan,explainlikeimfive,0.6020599913
Myanmar,East_Asia_and_Australasia,FALSE,FALSE,FALSE,FALSE,TRUE,FALSE,30,2,17260,643000,NA,150,83177,640767,4,0,Negative,NorrisOBE,SubredditDrama,0.6020599913
Mexico-Cartels,Caribbean_and_the_Americas,TRUE,TRUE,FALSE,FALSE,FALSE,FALSE,9,2,92339,160000,13024,12000,568,160000,4,0,Negative,Zecias,politics,0.6020599913
Peru-Shining_Path,Caribbean_and_the_Americas,FALSE,FALSE,TRUE,FALSE,FALSE,FALSE,20,0,669,150000,NA,30,NA,NA,4,0,Negative,[deleted],communism,0.6020599913
Georgia-South_Ossetia,Russia_and_Eurasia,FALSE,FALSE,FALSE,FALSE,FALSE,TRUE,25,0,1467,257000,NA,NA,NA,NA,4,0,Negative,MickeyFinns,travel,0.6020599913
Philippines-NPA,East_Asia_and_Australasia,FALSE,FALSE,TRUE,FALSE,FALSE,FALSE,46,1,41710,NA,NA,200,NA,7000,4,0,VeryNegative,Goodeveningchaps,AskReddit,0.6020599913
Peru-Shining_Path,Caribbean_and_the_Americas,FALSE,FALSE,TRUE,FALSE,FALSE,FALSE,20,0,669,150000,NA,NA,NA,NA,4,0,VeryNegative,[deleted],Anarchism,0.6020599913
Philippines-NPA,East_Asia_and_Australasia,FALSE,FALSE,TRUE,FALSE,FALSE,FALSE,46,1,41710,NA,NA,200,NA,7000,4,0,VeryNegative,mza66,communism,0.6020599913
Mexico-Cartels,Caribbean_and_the_Americas,TRUE,TRUE,FALSE,FALSE,FALSE,FALSE,9,2,92339,160000,13024,12000,568,160000,4,0,VeryNegative,D-DayDodger,Gore,0.6020599913
Myanmar,East_Asia_and_Australasia,FALSE,FALSE,FALSE,FALSE,TRUE,FALSE,30,2,17260,643000,NA,650,19357,458000,4,0,VeryNegative,WeeBabySeamus,AskHistorians,0.6020599913
Mexico-Cartels,Caribbean_and_the_Americas,TRUE,TRUE,FALSE,FALSE,FALSE,FALSE,9,2,92339,160000,13024,12000,568,160000,5,0,Negative,dingodego,saplings,0.6989700043
Mexico-Cartels,Caribbean_and_the_Americas,TRUE,TRUE,FALSE,FALSE,FALSE,FALSE,9,2,92339,160000,13024,12000,568,160000,5,0,Negative,silence_hr,worldnews,0.6989700043
Philippines-NPA,East_Asia_and_Australasia,FALSE,FALSE,TRUE,FALSE,FALSE,FALSE,46,1,41710,NA,NA,200,NA,7000,5,0,Negative,intergalacticninja,Philippines,0.6989700043
Philippines-NPA,East_Asia_and_Australasia,FALSE,FALSE,TRUE,FALSE,FALSE,FALSE,46,1,41710,NA,NA,200,NA,7000,5,0,Negative,ssd0004,communism,0.6989700043
Peru-Shining_Path,Caribbean_and_the_Americas,FALSE,FALSE,TRUE,FALSE,FALSE,FALSE,20,0,669,150000,NA,30,NA,NA,5,0,Negative,[deleted],argentina,0.6989700043
Peru-Shining_Path,Caribbean_and_the_Americas,FALSE,FALSE,TRUE,FALSE,FALSE,FALSE,20,0,669,150000,NA,14,NA,150000,5,0,Negative,[deleted],communism101,0.6989700043
Mexico-Cartels,Caribbean_and_the_Americas,TRUE,TRUE,FALSE,FALSE,FALSE,FALSE,9,2,92339,160000,13024,15000,NA,160000,5,0,Negative,its_burger_time,California,0.6989700043
Turkey-PKK,Europe,FALSE,FALSE,TRUE,FALSE,FALSE,TRUE,31,2,43530,954000,NA,140,518,954000,5,0,Negative,Ron_Donald,atheism,0.6989700043
Peru-Shining_Path,Caribbean_and_the_Americas,FALSE,FALSE,TRUE,FALSE,FALSE,FALSE,20,0,669,150000,NA,30,NA,NA,5,0,Negative,Rudkus,communism,0.6989700043
Turkey-PKK,Europe,FALSE,FALSE,TRUE,FALSE,FALSE,TRUE,31,2,43530,954000,NA,140,518,954000,5,1,Negative,turkishguy,worldnews,0.6989700043
Turkey-PKK,Europe,FALSE,FALSE,TRUE,FALSE,FALSE,TRUE,31,2,43530,954000,NA,140,518,954000,5,0,Negative,helloelan,Israel,0.6989700043
Myanmar,East_Asia_and_Australasia,FALSE,FALSE,FALSE,FALSE,TRUE,FALSE,30,2,17260,643000,NA,650,19357,458000,5,0,Negative,lloydthelloyd,atheism,0.6989700043
Myanmar,East_Asia_and_Australasia,FALSE,FALSE,FALSE,FALSE,TRUE,FALSE,30,2,17260,643000,NA,150,83177,640767,5,0,Negative,Neitsyt_Marian,AskWomen,0.6989700043
Philippines-NPA,East_Asia_and_Australasia,FALSE,FALSE,TRUE,FALSE,FALSE,FALSE,46,1,41710,NA,NA,150,NA,NA,5,0,Negative,arjun10,socialism,0.6989700043
Central_Asia,Russia_and_Eurasia,TRUE,FALSE,TRUE,FALSE,FALSE,FALSE,16,1,1188,70400,NA,10,NA,70400,5,0,Negative,[deleted],politics,0.6989700043
Peru-Shining_Path,Caribbean_and_the_Americas,FALSE,FALSE,TRUE,FALSE,FALSE,FALSE,20,0,669,150000,NA,30,NA,NA,5,0,Negative,quoadish,PoliticalDiscussion,0.6989700043
Central_Asia,Russia_and_Eurasia,TRUE,FALSE,TRUE,FALSE,FALSE,FALSE,16,1,1188,70400,NA,250,NA,67726,5,0,Negative,Haro_Kiti,politics,0.6989700043
United_Kingdom-Northern_Ireland,Europe,TRUE,FALSE,TRUE,FALSE,FALSE,TRUE,46,0,3678,NA,NA,1,NA,NA,5,0,Negative,randomsnark,Futurology,0.6989700043
Mexico-Cartels,Caribbean_and_the_Americas,TRUE,TRUE,FALSE,FALSE,FALSE,FALSE,9,2,92339,160000,13024,15000,NA,160000,5,0,Negative,restlessj,MorbidReality,0.6989700043
United_Kingdom-Northern_Ireland,Europe,TRUE,FALSE,TRUE,FALSE,FALSE,TRUE,46,0,3678,NA,NA,1,NA,NA,5,0,Negative,[deleted],darksouls,0.6989700043
Syria,Middle_East_and_North_Africa,FALSE,TRUE,TRUE,FALSE,FALSE,FALSE,4,3,186500,7600000,4867560,70000,NA,7600000,5,0,Negative,catherinedevlin,Christianity,0.6989700043
Syria,Middle_East_and_North_Africa,FALSE,TRUE,TRUE,FALSE,FALSE,FALSE,4,3,186500,7600000,4867560,49000,2231802,6500000,5,0,Negative,hymrr,worldnews,0.6989700043
Syria,Middle_East_and_North_Africa,FALSE,TRUE,TRUE,FALSE,FALSE,FALSE,4,3,186500,7600000,4867560,49000,2231802,6500000,5,0,Negative,sdaciuk,TalesFromRetail,0.6989700043
United_Kingdom-Northern_Ireland,Europe,TRUE,FALSE,TRUE,FALSE,FALSE,TRUE,46,0,3678,NA,NA,NA,NA,NA,5,0,Negative,space_manatee,INTP,0.6989700043
Syria,Middle_East_and_North_Africa,FALSE,TRUE,TRUE,FALSE,FALSE,FALSE,4,3,186500,7600000,4867560,49000,2231802,6500000,5,0,Negative,kayjaykay,nanowrimo,0.6989700043
Philippines-NPA,East_Asia_and_Australasia,FALSE,FALSE,TRUE,FALSE,FALSE,FALSE,46,1,41710,NA,NA,150,NA,NA,5,0,VeryNegative,Red_Deer,socialism,0.6989700043
Southern_Thailand,East_Asia_and_Australasia,FALSE,FALSE,TRUE,FALSE,FALSE,TRUE,11,2,4050,35000,NA,275,NA,NA,5,0,VeryNegative,symphix,malaysia,0.6989700043
Turkey-PKK,Europe,FALSE,FALSE,TRUE,FALSE,FALSE,TRUE,31,2,43530,954000,NA,800,907,1000000,5,0,VeryNegative,Kabraxis,Turkey,0.6989700043
Georgia-South_Ossetia,Russia_and_Eurasia,FALSE,FALSE,FALSE,FALSE,FALSE,TRUE,25,0,1467,257000,NA,NA,NA,NA,5,0,VeryNegative,[deleted],russia,0.6989700043
Philippines-MILF,East_Asia_and_Australasia,FALSE,FALSE,FALSE,FALSE,FALSE,TRUE,31,1,73500,115772,NA,175,NA,NA,5,0,VeryNegative,autowikibot,lol,0.6989700043
Mexico-Cartels,Caribbean_and_the_Americas,TRUE,TRUE,FALSE,FALSE,FALSE,FALSE,9,2,92339,160000,13024,15000,NA,160000,5,0,VeryNegative,wickedcold,news,0.6989700043
Moldova-Transnistria,Europe,FALSE,FALSE,FALSE,FALSE,FALSE,TRUE,23,0,1001,NA,NA,NA,NA,NA,6,0,Negative,StaleCanole,PoliticalDiscussion,0.7781512504
Myanmar,East_Asia_and_Australasia,FALSE,FALSE,FALSE,FALSE,TRUE,FALSE,30,2,17260,643000,NA,650,19357,458000,6,0,Negative,gali184,worldnews,0.7781512504
Mexico-Cartels,Caribbean_and_the_Americas,TRUE,TRUE,FALSE,FALSE,FALSE,FALSE,9,2,92339,160000,13024,12000,568,160000,6,0,Negative,sausagelady,Gore,0.7781512504
Mexico-Cartels,Caribbean_and_the_Americas,TRUE,TRUE,FALSE,FALSE,FALSE,FALSE,9,2,92339,160000,13024,12000,568,160000,6,0,Negative,mstrgrieves,worldnews,0.7781512504
Peru-Shining_Path,Caribbean_and_the_Americas,FALSE,FALSE,TRUE,FALSE,FALSE,FALSE,20,0,669,150000,NA,30,NA,NA,6,0,Negative,Coraon,Wicca,0.7781512504
Philippines-MILF,East_Asia_and_Australasia,FALSE,FALSE,FALSE,FALSE,FALSE,TRUE,31,1,73500,115772,NA,175,NA,NA,6,0,Negative,IWantToBeNormal,HistoryPorn,0.7781512504
Mexico-Cartels,Caribbean_and_the_Americas,TRUE,TRUE,FALSE,FALSE,FALSE,FALSE,9,2,92339,160000,13024,12000,568,160000,6,0,Negative,THEJAZZMUSIC,videos,0.7781512504
Myanmar,East_Asia_and_Australasia,FALSE,FALSE,FALSE,FALSE,TRUE,FALSE,30,2,17260,643000,NA,150,83177,640767,6,0,Negative,[deleted],AskHistorians,0.7781512504
Mexico-Cartels,Caribbean_and_the_Americas,TRUE,TRUE,FALSE,FALSE,FALSE,FALSE,9,2,92339,160000,13024,12000,568,160000,6,0,Negative,Pac_Man,breakingbad,0.7781512504
Indonesia-West_Papua,East_Asia_and_Australasia,FALSE,FALSE,FALSE,FALSE,FALSE,TRUE,50,0,30249,NA,NA,40,NA,NA,6,0,Negative,Fibrinoma,worldnews,0.7781512504
Turkey-PKK,Europe,FALSE,FALSE,TRUE,FALSE,FALSE,TRUE,31,2,43530,954000,NA,800,907,1000000,6,0,Negative,Kai_Daigoji,DebateReligion,0.7781512504
Philippines-NPA,East_Asia_and_Australasia,FALSE,FALSE,TRUE,FALSE,FALSE,FALSE,46,1,41710,NA,NA,150,NA,NA,6,0,Negative,jackstiofain,communism,0.7781512504
Central_Asia,Russia_and_Eurasia,TRUE,FALSE,TRUE,FALSE,FALSE,FALSE,16,1,1188,70400,NA,10,NA,70400,6,0,Negative,BadgerOfHate,europe,0.7781512504
Syria,Middle_East_and_North_Africa,FALSE,TRUE,TRUE,FALSE,FALSE,FALSE,4,3,186500,7600000,4867560,49000,2231802,6500000,6,0,Negative,powercow,politics,0.7781512504
Peru-Shining_Path,Caribbean_and_the_Americas,FALSE,FALSE,TRUE,FALSE,FALSE,FALSE,20,0,669,150000,NA,30,NA,NA,6,0,Negative,Chiponyasu,Conservative,0.7781512504
Central_Asia,Russia_and_Eurasia,TRUE,FALSE,TRUE,FALSE,FALSE,FALSE,16,1,1188,70400,NA,250,NA,67726,6,0,Negative,CubsBlow,AskHistorians,0.7781512504
Syria,Middle_East_and_North_Africa,FALSE,TRUE,TRUE,FALSE,FALSE,FALSE,4,3,186500,7600000,4867560,60000,789944,2000000,6,0,Negative,scshunt,CanadaPolitics,0.7781512504
Syria,Middle_East_and_North_Africa,FALSE,TRUE,TRUE,FALSE,FALSE,FALSE,4,3,186500,7600000,4867560,60000,789944,2000000,6,0,Negative,boogabooga08,atheism,0.7781512504
Mexico-Cartels,Caribbean_and_the_Americas,TRUE,TRUE,FALSE,FALSE,FALSE,FALSE,9,2,92339,160000,13024,18000,184,160000,6,0,Negative,mepnosis,breakingbad,0.7781512504
Mexico-Cartels,Caribbean_and_the_Americas,TRUE,TRUE,FALSE,FALSE,FALSE,FALSE,9,2,92339,160000,13024,18000,184,160000,6,0,Negative,middleofroad,Firearms,0.7781512504
Georgia-South_Ossetia,Russia_and_Eurasia,FALSE,FALSE,FALSE,FALSE,FALSE,TRUE,25,0,1467,257000,NA,NA,NA,NA,6,0,Negative,joggle1,worldnews,0.7781512504
Myanmar,East_Asia_and_Australasia,FALSE,FALSE,FALSE,FALSE,TRUE,FALSE,30,2,17260,643000,NA,150,83177,640767,6,0,Negative,LowQuay,TwoXChromosomes,0.7781512504
Myanmar,East_Asia_and_Australasia,FALSE,FALSE,FALSE,FALSE,TRUE,FALSE,30,2,17260,643000,NA,150,83177,640767,6,0,Negative,StevenAlonso,pics,0.7781512504
Peru-Shining_Path,Caribbean_and_the_Americas,FALSE,FALSE,TRUE,FALSE,FALSE,FALSE,20,0,669,150000,NA,NA,NA,NA,6,1,Negative,nonlawyer,todayilearned,0.7781512504
Mexico-Cartels,Caribbean_and_the_Americas,TRUE,TRUE,FALSE,FALSE,FALSE,FALSE,9,2,92339,160000,13024,12000,568,160000,6,0,VeryNegative,wankd0rf,politics,0.7781512504
Myanmar,East_Asia_and_Australasia,FALSE,FALSE,FALSE,FALSE,TRUE,FALSE,30,2,17260,643000,NA,650,19357,458000,6,0,VeryNegative,davidpbrown,worldpolitics,0.7781512504
Mexico-Cartels,Caribbean_and_the_Americas,TRUE,TRUE,FALSE,FALSE,FALSE,FALSE,9,2,92339,160000,13024,15000,NA,160000,6,0,VeryNegative,fizzwater,TrueDetective,0.7781512504
Myanmar,East_Asia_and_Australasia,FALSE,FALSE,FALSE,FALSE,TRUE,FALSE,30,2,17260,643000,NA,150,83177,640767,7,0,Negative,2XChromosomes,AskWomen,0.84509804
Philippines-NPA,East_Asia_and_Australasia,FALSE,FALSE,TRUE,FALSE,FALSE,FALSE,46,1,41710,NA,NA,150,NA,NA,7,0,Negative,ThoughtCrimeSpree,communism,0.84509804
Southern_Thailand,East_Asia_and_Australasia,FALSE,FALSE,TRUE,FALSE,FALSE,TRUE,11,2,4050,35000,NA,275,NA,NA,7,0,Negative,[deleted],worldnews,0.84509804
Myanmar,East_Asia_and_Australasia,FALSE,FALSE,FALSE,FALSE,TRUE,FALSE,30,2,17260,643000,NA,150,83177,640767,7,0,Negative,7zark77,pics,0.84509804
Myanmar,East_Asia_and_Australasia,FALSE,FALSE,FALSE,FALSE,TRUE,FALSE,30,2,17260,643000,NA,650,19357,458000,7,0,Negative,LBobRife,obama,0.84509804
Myanmar,East_Asia_and_Australasia,FALSE,FALSE,FALSE,FALSE,TRUE,FALSE,30,2,17260,643000,NA,650,19357,458000,7,0,Negative,davidpbrown,conspiracy,0.84509804
Turkey-PKK,Europe,FALSE,FALSE,TRUE,FALSE,FALSE,TRUE,31,2,43530,954000,NA,140,518,954000,7,0,Negative,no_tldr_for_you,worldnews,0.84509804
Central_Asia,Russia_and_Eurasia,TRUE,FALSE,TRUE,FALSE,FALSE,FALSE,16,1,1188,70400,NA,10,NA,70400,7,0,Negative,arizonaburning,politics,0.84509804
Georgia-South_Ossetia,Russia_and_Eurasia,FALSE,FALSE,FALSE,FALSE,FALSE,TRUE,25,0,1467,257000,NA,NA,NA,NA,7,0,Negative,c0mputar,UkrainianConflict,0.84509804
Peru-Shining_Path,Caribbean_and_the_Americas,FALSE,FALSE,TRUE,FALSE,FALSE,FALSE,20,0,669,150000,NA,14,NA,150000,7,0,Negative,zzleeper,PERU,0.84509804
United_Kingdom-Northern_Ireland,Europe,TRUE,FALSE,TRUE,FALSE,FALSE,TRUE,46,0,3678,NA,NA,1,NA,NA,7,0,Negative,girlscout-cookies,AskHistorians,0.84509804
Central_Asia,Russia_and_Eurasia,TRUE,FALSE,TRUE,FALSE,FALSE,FALSE,16,1,1188,70400,NA,10,NA,70400,7,0,Negative,throwawawawaway112,NoStupidQuestions,0.84509804
Central_Asia,Russia_and_Eurasia,TRUE,FALSE,TRUE,FALSE,FALSE,FALSE,16,1,1188,70400,NA,250,NA,67726,7,0,Negative,rainbowjarhead,ShitPoliticsSays,0.84509804
Syria,Middle_East_and_North_Africa,FALSE,TRUE,TRUE,FALSE,FALSE,FALSE,4,3,186500,7600000,4867560,70000,NA,7600000,7,0,Negative,MrTastix,Games,0.84509804
China-Xinjiang,East_Asia_and_Australasia,FALSE,FALSE,TRUE,FALSE,TRUE,TRUE,24,2,2892,NA,NA,400,NA,NA,7,0,Negative,anareaman,news,0.84509804
Mexico-Cartels,Caribbean_and_the_Americas,TRUE,TRUE,FALSE,FALSE,FALSE,FALSE,9,2,92339,160000,13024,18000,184,160000,7,0,VeryNegative,[deleted],AskReddit,0.84509804
United_Kingdom-Northern_Ireland,Europe,TRUE,FALSE,TRUE,FALSE,FALSE,TRUE,46,0,3678,NA,NA,4,NA,NA,7,0,VeryNegative,Loidis,TrollXChromosomes,0.84509804
Peru-Shining_Path,Caribbean_and_the_Americas,FALSE,FALSE,TRUE,FALSE,FALSE,FALSE,20,0,669,150000,NA,14,NA,150000,8,0,Negative,ksan,communism,0.903089987
China-Xinjiang,East_Asia_and_Australasia,FALSE,FALSE,TRUE,FALSE,TRUE,TRUE,24,2,2892,NA,NA,140,NA,NA,8,0,Negative,Peking_Meerschaum,China,0.903089987
Mexico-Cartels,Caribbean_and_the_Americas,TRUE,TRUE,FALSE,FALSE,FALSE,FALSE,9,2,92339,160000,13024,18000,184,160000,8,0,Negative,bottiglie,worldnews,0.903089987
Peru-Shining_Path,Caribbean_and_the_Americas,FALSE,FALSE,TRUE,FALSE,FALSE,FALSE,20,0,669,150000,NA,14,NA,150000,8,0,Negative,ProbablyNotLying,badhistory,0.903089987
Myanmar,East_Asia_and_Australasia,FALSE,FALSE,FALSE,FALSE,TRUE,FALSE,30,2,17260,643000,NA,150,83177,640767,8,0,Negative,stfupeople,worldnews,0.903089987
Peru-Shining_Path,Caribbean_and_the_Americas,FALSE,FALSE,TRUE,FALSE,FALSE,FALSE,20,0,669,150000,NA,30,NA,NA,8,0,Negative,superiority,AskReddit,0.903089987
Peru-Shining_Path,Caribbean_and_the_Americas,FALSE,FALSE,TRUE,FALSE,FALSE,FALSE,20,0,669,150000,NA,NA,NA,NA,8,0,Negative,Account9726,Israel,0.903089987
Peru-Shining_Path,Caribbean_and_the_Americas,FALSE,FALSE,TRUE,FALSE,FALSE,FALSE,20,0,669,150000,NA,14,NA,150000,8,0,Negative,Lobotomy3yes,communism,0.903089987
Peru-Shining_Path,Caribbean_and_the_Americas,FALSE,FALSE,TRUE,FALSE,FALSE,FALSE,20,0,669,150000,NA,30,NA,NA,8,0,Negative,[deleted],communism,0.903089987
Syria,Middle_East_and_North_Africa,FALSE,TRUE,TRUE,FALSE,FALSE,FALSE,4,3,186500,7600000,4867560,49000,2231802,6500000,8,0,Negative,adencrocker,polandball,0.903089987
Syria,Middle_East_and_North_Africa,FALSE,TRUE,TRUE,FALSE,FALSE,FALSE,4,3,186500,7600000,4867560,49000,2231802,6500000,8,0,Negative,[deleted],Economics,0.903089987
Mexico-Cartels,Caribbean_and_the_Americas,TRUE,TRUE,FALSE,FALSE,FALSE,FALSE,9,2,92339,160000,13024,12000,568,160000,8,0,Negative,canasshole,canada,0.903089987
Georgia-South_Ossetia,Russia_and_Eurasia,FALSE,FALSE,FALSE,FALSE,FALSE,TRUE,25,0,1467,257000,NA,NA,NA,NA,8,0,Negative,SpAn12,worldnews,0.903089987
Myanmar,East_Asia_and_Australasia,FALSE,FALSE,FALSE,FALSE,TRUE,FALSE,30,2,17260,643000,NA,650,19357,458000,8,0,VeryNegative,RaptainBalcony,worldnews,0.903089987
Turkey-PKK,Europe,FALSE,FALSE,TRUE,FALSE,FALSE,TRUE,31,2,43530,954000,NA,140,518,954000,9,0,Negative,[deleted],worldnews,0.9542425094
Central_Asia,Russia_and_Eurasia,TRUE,FALSE,TRUE,FALSE,FALSE,FALSE,16,1,1188,70400,NA,250,NA,67726,9,0,Negative,wolfram184,AskHistorians,0.9542425094
Mexico-Cartels,Caribbean_and_the_Americas,TRUE,TRUE,FALSE,FALSE,FALSE,FALSE,9,2,92339,160000,13024,12000,568,160000,9,0,Negative,wjjeeper,guns,0.9542425094
Syria,Middle_East_and_North_Africa,FALSE,TRUE,TRUE,FALSE,FALSE,FALSE,4,3,186500,7600000,4867560,49000,2231802,6500000,9,0,Negative,BeepBoopRobo,gaming,0.9542425094
Indonesia-West_Papua,East_Asia_and_Australasia,FALSE,FALSE,FALSE,FALSE,FALSE,TRUE,50,0,30249,NA,NA,25,NA,NA,9,0,VeryNegative,misterghani,vexillology,0.9542425094
Central_Asia,Russia_and_Eurasia,TRUE,FALSE,TRUE,FALSE,FALSE,FALSE,16,1,1188,70400,NA,35,NA,70400,9,0,VeryNegative,absinthe-grey,worldnews,0.9542425094
Syria,Middle_East_and_North_Africa,FALSE,TRUE,TRUE,FALSE,FALSE,FALSE,4,3,186500,7600000,4867560,70000,NA,7600000,9,0,VeryNegative,sasp777,europe,0.9542425094
Myanmar,East_Asia_and_Australasia,FALSE,FALSE,FALSE,FALSE,TRUE,FALSE,30,2,17260,643000,NA,650,19357,458000,9,0,VeryNegative,DarkLinkXXXX,Anarchism,0.9542425094
Peru-Shining_Path,Caribbean_and_the_Americas,FALSE,FALSE,TRUE,FALSE,FALSE,FALSE,20,0,669,150000,NA,30,NA,NA,10,0,Negative,[deleted],communism,1
Philippines-NPA,East_Asia_and_Australasia,FALSE,FALSE,TRUE,FALSE,FALSE,FALSE,46,1,41710,NA,NA,150,NA,NA,10,0,Negative,the_armory,onions,1
Georgia-South_Ossetia,Russia_and_Eurasia,FALSE,FALSE,FALSE,FALSE,FALSE,TRUE,25,0,1467,257000,NA,NA,NA,NA,10,0,Negative,[deleted],worldnews,1
Turkey-PKK,Europe,FALSE,FALSE,TRUE,FALSE,FALSE,TRUE,31,2,43530,954000,NA,30,NA,954000,10,0,Negative,the_armory,onions,1
Turkey-PKK,Europe,FALSE,FALSE,TRUE,FALSE,FALSE,TRUE,31,2,43530,954000,NA,140,518,954000,10,0,Negative,OB1_kenobi,worldnews,1
Turkey-PKK,Europe,FALSE,FALSE,TRUE,FALSE,FALSE,TRUE,31,2,43530,954000,NA,140,518,954000,10,0,Negative,aldhelm,worldnews,1
Peru-Shining_Path,Caribbean_and_the_Americas,FALSE,FALSE,TRUE,FALSE,FALSE,FALSE,20,0,669,150000,NA,30,NA,NA,10,0,Negative,sammysausage,worldnews,1
Central_Asia,Russia_and_Eurasia,TRUE,FALSE,TRUE,FALSE,FALSE,FALSE,16,1,1188,70400,NA,35,NA,70400,10,0,Negative,the_armory,onions,1
Peru-Shining_Path,Caribbean_and_the_Americas,FALSE,FALSE,TRUE,FALSE,FALSE,FALSE,20,0,669,150000,NA,14,NA,150000,10,0,Negative,cegan244,politics,1
Peru-Shining_Path,Caribbean_and_the_Americas,FALSE,FALSE,TRUE,FALSE,FALSE,FALSE,20,0,669,150000,NA,NA,NA,NA,10,0,Negative,jeradj,comics,1
Syria,Middle_East_and_North_Africa,FALSE,TRUE,TRUE,FALSE,FALSE,FALSE,4,3,186500,7600000,4867560,60000,789944,2000000,10,0,Negative,[deleted],GreenParty,1
Syria,Middle_East_and_North_Africa,FALSE,TRUE,TRUE,FALSE,FALSE,FALSE,4,3,186500,7600000,4867560,60000,789944,2000000,10,0,Negative,BluShine,4chan,1
Myanmar,East_Asia_and_Australasia,FALSE,FALSE,FALSE,FALSE,TRUE,FALSE,30,2,17260,643000,NA,650,19357,458000,10,0,Negative,archiesteel,todayilearned,1
Georgia-South_Ossetia,Russia_and_Eurasia,FALSE,FALSE,FALSE,FALSE,FALSE,TRUE,25,0,1467,257000,NA,NA,NA,257000,10,0,Negative,BabyWookie,CombatFootage,1
Mexico-Cartels,Caribbean_and_the_Americas,TRUE,TRUE,FALSE,FALSE,FALSE,FALSE,9,2,92339,160000,13024,18000,184,160000,11,0,Negative,FLOCKA,japan,1.0413926852
Mexico-Cartels,Caribbean_and_the_Americas,TRUE,TRUE,FALSE,FALSE,FALSE,FALSE,9,2,92339,160000,13024,15000,NA,160000,11,0,Negative,[deleted],TrueAtheism,1.0413926852
Philippines-NPA,East_Asia_and_Australasia,FALSE,FALSE,TRUE,FALSE,FALSE,FALSE,46,1,41710,NA,NA,200,NA,7000,11,0,Negative,[deleted],communism,1.0413926852
Turkey-PKK,Europe,FALSE,FALSE,TRUE,FALSE,FALSE,TRUE,31,2,43530,954000,NA,140,518,954000,11,0,Negative,optimates,worldnews,1.0413926852
Peru-Shining_Path,Caribbean_and_the_Americas,FALSE,FALSE,TRUE,FALSE,FALSE,FALSE,20,0,669,150000,NA,NA,NA,NA,11,0,Negative,oliverhart,communism,1.0413926852
Peru-Shining_Path,Caribbean_and_the_Americas,FALSE,FALSE,TRUE,FALSE,FALSE,FALSE,20,0,669,150000,NA,30,NA,NA,11,0,Negative,mza66,communism101,1.0413926852
Peru-Shining_Path,Caribbean_and_the_Americas,FALSE,FALSE,TRUE,FALSE,FALSE,FALSE,20,0,669,150000,NA,30,NA,NA,11,0,Negative,elbenji,AskHistorians,1.0413926852
Mexico-Cartels,Caribbean_and_the_Americas,TRUE,TRUE,FALSE,FALSE,FALSE,FALSE,9,2,92339,160000,13024,12000,568,160000,11,0,Negative,on_my_lunch_break,politics,1.0413926852
China-Xinjiang,East_Asia_and_Australasia,FALSE,FALSE,TRUE,FALSE,TRUE,TRUE,24,2,2892,NA,NA,140,NA,NA,11,0,Negative,imgurian_defector,worldnews,1.0413926852
Peru-Shining_Path,Caribbean_and_the_Americas,FALSE,FALSE,TRUE,FALSE,FALSE,FALSE,20,0,669,150000,NA,14,NA,150000,11,0,VeryNegative,CanadianWildlifeDept,guns,1.0413926852
Syria,Middle_East_and_North_Africa,FALSE,TRUE,TRUE,FALSE,FALSE,FALSE,4,3,186500,7600000,4867560,49000,2231802,6500000,11,0,VeryNegative,machinesNpbr,Anarchism,1.0413926852
China-Xinjiang,East_Asia_and_Australasia,FALSE,FALSE,TRUE,FALSE,TRUE,TRUE,24,2,2892,NA,NA,140,NA,NA,12,0,Negative,StevefromRetail,worldnews,1.079181246
Indonesia-West_Papua,East_Asia_and_Australasia,FALSE,FALSE,FALSE,FALSE,FALSE,TRUE,50,0,30249,NA,NA,25,NA,NA,12,0,Negative,It_needs_zazz,australia,1.079181246
Myanmar,East_Asia_and_Australasia,FALSE,FALSE,FALSE,FALSE,TRUE,FALSE,30,2,17260,643000,NA,150,83177,640767,12,0,Negative,annoymind,worldnews,1.079181246
Central_Asia,Russia_and_Eurasia,TRUE,FALSE,TRUE,FALSE,FALSE,FALSE,16,1,1188,70400,NA,10,NA,70400,12,0,Negative,Dan_Backslide,politics,1.079181246
Myanmar,East_Asia_and_Australasia,FALSE,FALSE,FALSE,FALSE,TRUE,FALSE,30,2,17260,643000,NA,650,19357,458000,12,0,Negative,jhess90,gaybros,1.079181246
Turkey-PKK,Europe,FALSE,FALSE,TRUE,FALSE,FALSE,TRUE,31,2,43530,954000,NA,800,907,1000000,12,0,VeryNegative,Bob_goes_up,europe,1.079181246
Georgia-South_Ossetia,Russia_and_Eurasia,FALSE,FALSE,FALSE,FALSE,FALSE,TRUE,25,0,1467,257000,NA,NA,NA,NA,12,0,VeryNegative,Tokyocheesesteak,polandball,1.079181246
Myanmar,East_Asia_and_Australasia,FALSE,FALSE,FALSE,FALSE,TRUE,FALSE,30,2,17260,643000,NA,300,NA,643000,13,0,Negative,swigglepuss,forwardsfromgrandma,1.1139433523
Philippines-NPA,East_Asia_and_Australasia,FALSE,FALSE,TRUE,FALSE,FALSE,FALSE,46,1,41710,NA,NA,150,NA,NA,13,0,Negative,oliverhart,communism,1.1139433523
Mexico-Cartels,Caribbean_and_the_Americas,TRUE,TRUE,FALSE,FALSE,FALSE,FALSE,9,2,92339,160000,13024,12000,568,160000,13,0,Negative,herticalt,politics,1.1139433523
Mexico-Cartels,Caribbean_and_the_Americas,TRUE,TRUE,FALSE,FALSE,FALSE,FALSE,9,2,92339,160000,13024,12000,568,160000,14,0,Negative,captainplantit,politics,1.1461280357
Mexico-Cartels,Caribbean_and_the_Americas,TRUE,TRUE,FALSE,FALSE,FALSE,FALSE,9,2,92339,160000,13024,18000,184,160000,14,0,Negative,AstronomicalWin,politics,1.1461280357
Mexico-Cartels,Caribbean_and_the_Americas,TRUE,TRUE,FALSE,FALSE,FALSE,FALSE,9,2,92339,160000,13024,12000,568,160000,14,0,Negative,Shock223,PoliticalDiscussion,1.1461280357
Myanmar,East_Asia_and_Australasia,FALSE,FALSE,FALSE,FALSE,TRUE,FALSE,30,2,17260,643000,NA,650,19357,458000,14,0,Negative,lonesomerhodes,obama,1.1461280357
Peru-Shining_Path,Caribbean_and_the_Americas,FALSE,FALSE,TRUE,FALSE,FALSE,FALSE,20,0,669,150000,NA,14,NA,150000,14,0,Negative,smishmortion,WTF,1.1461280357
United_Kingdom-Northern_Ireland,Europe,TRUE,FALSE,TRUE,FALSE,FALSE,TRUE,46,0,3678,NA,NA,1,NA,NA,14,0,Negative,kevin19713,europe,1.1461280357
Syria,Middle_East_and_North_Africa,FALSE,TRUE,TRUE,FALSE,FALSE,FALSE,4,3,186500,7600000,4867560,49000,2231802,6500000,14,0,Negative,littleshalittle,AMA,1.1461280357
Central_America-Northern_Triangle,Caribbean_and_the_Americas,TRUE,FALSE,FALSE,FALSE,FALSE,FALSE,5,2,76000,NA,NA,16000,NA,NA,15,0,Negative,ipiprime,AskReddit,1.1760912591
Peru-Shining_Path,Caribbean_and_the_Americas,FALSE,FALSE,TRUE,FALSE,FALSE,FALSE,20,0,669,150000,NA,30,NA,NA,15,0,Negative,limeybastard,AskReddit,1.1760912591
Peru-Shining_Path,Caribbean_and_the_Americas,FALSE,FALSE,TRUE,FALSE,FALSE,FALSE,20,0,669,150000,NA,14,NA,150000,15,0,Negative,Rsc06003,ArcherFX,1.1760912591
Mexico-Cartels,Caribbean_and_the_Americas,TRUE,TRUE,FALSE,FALSE,FALSE,FALSE,9,2,92339,160000,13024,18000,184,160000,15,0,Negative,enkifish,news,1.1760912591
Peru-Shining_Path,Caribbean_and_the_Americas,FALSE,FALSE,TRUE,FALSE,FALSE,FALSE,20,0,669,150000,NA,30,NA,NA,15,0,Negative,crzagazeta,AskReddit,1.1760912591
Central_Asia,Russia_and_Eurasia,TRUE,FALSE,TRUE,FALSE,FALSE,FALSE,16,1,1188,70400,NA,250,NA,67726,15,0,Negative,limeybastard,AskReddit,1.1760912591
Syria,Middle_East_and_North_Africa,FALSE,TRUE,TRUE,FALSE,FALSE,FALSE,4,3,186500,7600000,4867560,60000,789944,2000000,15,0,Negative,imjesusbitch,science,1.1760912591
Central_Asia,Russia_and_Eurasia,TRUE,FALSE,TRUE,FALSE,FALSE,FALSE,16,1,1188,70400,NA,35,NA,70400,15,0,VeryNegative,[deleted],nba,1.1760912591
Philippines-NPA,East_Asia_and_Australasia,FALSE,FALSE,TRUE,FALSE,FALSE,FALSE,46,1,41710,NA,NA,150,NA,NA,16,0,Negative,netro,Philippines,1.2041199827
Turkey-PKK,Europe,FALSE,FALSE,TRUE,FALSE,FALSE,TRUE,31,2,43530,954000,NA,140,518,954000,16,0,Negative,Vertyx,AskReddit,1.2041199827
Turkey-PKK,Europe,FALSE,FALSE,TRUE,FALSE,FALSE,TRUE,31,2,43530,954000,NA,30,NA,954000,17,0,Negative,Hyperdrunk,worldnews,1.2304489214
Peru-Shining_Path,Caribbean_and_the_Americas,FALSE,FALSE,TRUE,FALSE,FALSE,FALSE,20,0,669,150000,NA,NA,NA,NA,17,0,Negative,Hyperdrunk,worldnews,1.2304489214
Myanmar,East_Asia_and_Australasia,FALSE,FALSE,FALSE,FALSE,TRUE,FALSE,30,2,17260,643000,NA,650,19357,458000,18,0,Negative,cconrad0825,TwoXChromosomes,1.2552725051
Syria,Middle_East_and_North_Africa,FALSE,TRUE,TRUE,FALSE,FALSE,FALSE,4,3,186500,7600000,4867560,60000,789944,2000000,18,0,Negative,Calmwinds,programming,1.2552725051
Georgia-South_Ossetia,Russia_and_Eurasia,FALSE,FALSE,FALSE,FALSE,FALSE,TRUE,25,0,1467,257000,NA,NA,NA,257000,21,0,VeryNegative,klous99,worldnews,1.3222192947
Mexico-Cartels,Caribbean_and_the_Americas,TRUE,TRUE,FALSE,FALSE,FALSE,FALSE,9,2,92339,160000,13024,18000,184,160000,22,0,Negative,sir_beef,dataisbeautiful,1.3424226808
Myanmar,East_Asia_and_Australasia,FALSE,FALSE,FALSE,FALSE,TRUE,FALSE,30,2,17260,643000,NA,150,83177,640767,22,0,Negative,madkent,australia,1.3424226808
Georgia-South_Ossetia,Russia_and_Eurasia,FALSE,FALSE,FALSE,FALSE,FALSE,TRUE,25,0,1467,257000,NA,NA,NA,NA,23,0,Negative,neuralspiketrain,europe,1.361727836
Philippines-MILF,East_Asia_and_Australasia,FALSE,FALSE,FALSE,FALSE,FALSE,TRUE,31,1,73500,115772,NA,250,NA,115772,24,0,Negative,[deleted],AskReddit,1.3802112417
Mexico-Cartels,Caribbean_and_the_Americas,TRUE,TRUE,FALSE,FALSE,FALSE,FALSE,9,2,92339,160000,13024,12000,568,160000,25,0,Negative,notsuresure,trees,1.3979400087
Philippines-NPA,East_Asia_and_Australasia,FALSE,FALSE,TRUE,FALSE,FALSE,FALSE,46,1,41710,NA,NA,150,NA,NA,25,0,Negative,cb43569,socialism,1.3979400087
Syria,Middle_East_and_North_Africa,FALSE,TRUE,TRUE,FALSE,FALSE,FALSE,4,3,186500,7600000,4867560,49000,2231802,6500000,25,0,Negative,AngryAngryCow,Frugal_Jerk,1.3979400087
Peru-Shining_Path,Caribbean_and_the_Americas,FALSE,FALSE,TRUE,FALSE,FALSE,FALSE,20,0,669,150000,NA,14,NA,150000,26,0,Negative,VideoLinkBot,civ,1.414973348
Mexico-Cartels,Caribbean_and_the_Americas,TRUE,TRUE,FALSE,FALSE,FALSE,FALSE,9,2,92339,160000,13024,12000,568,160000,26,0,VeryNegative,BeechersHope,pics,1.414973348
Philippines-MILF,East_Asia_and_Australasia,FALSE,FALSE,FALSE,FALSE,FALSE,TRUE,31,1,73500,115772,NA,250,NA,115772,27,0,Negative,[deleted],pics,1.4313637642
Central_Asia,Russia_and_Eurasia,TRUE,FALSE,TRUE,FALSE,FALSE,FALSE,16,1,1188,70400,NA,10,NA,70400,27,0,Negative,StaticBeat,politics,1.4313637642
Mexico-Cartels,Caribbean_and_the_Americas,TRUE,TRUE,FALSE,FALSE,FALSE,FALSE,9,2,92339,160000,13024,12000,568,160000,30,0,Negative,[deleted],pics,1.4771212547
Peru-Shining_Path,Caribbean_and_the_Americas,FALSE,FALSE,TRUE,FALSE,FALSE,FALSE,20,0,669,150000,NA,30,NA,NA,30,0,Negative,krebstar_2000,todayilearned,1.4771212547
Peru-Shining_Path,Caribbean_and_the_Americas,FALSE,FALSE,TRUE,FALSE,FALSE,FALSE,20,0,669,150000,NA,30,NA,NA,30,0,Negative,rubygeek,screenshots,1.4771212547
Syria,Middle_East_and_North_Africa,FALSE,TRUE,TRUE,FALSE,FALSE,FALSE,4,3,186500,7600000,4867560,60000,789944,2000000,30,0,Negative,ArchZodiac,videos,1.4771212547
Central_Asia,Russia_and_Eurasia,TRUE,FALSE,TRUE,FALSE,FALSE,FALSE,16,1,1188,70400,NA,35,NA,70400,31,0,Negative,RogerStrong,politics,1.4913616938
Central_Asia,Russia_and_Eurasia,TRUE,FALSE,TRUE,FALSE,FALSE,FALSE,16,1,1188,70400,NA,10,NA,70400,32,0,Negative,[deleted],todayilearned,1.5051499783
Mexico-Cartels,Caribbean_and_the_Americas,TRUE,TRUE,FALSE,FALSE,FALSE,FALSE,9,2,92339,160000,13024,18000,184,160000,33,0,Negative,hat_coat_door,AskReddit,1.5185139399
Mexico-Cartels,Caribbean_and_the_Americas,TRUE,TRUE,FALSE,FALSE,FALSE,FALSE,9,2,92339,160000,13024,12000,568,160000,34,0,Negative,AyeMatey,politics,1.531478917
Myanmar,East_Asia_and_Australasia,FALSE,FALSE,FALSE,FALSE,TRUE,FALSE,30,2,17260,643000,NA,650,19357,458000,34,0,Negative,[deleted],AskReddit,1.531478917
Myanmar,East_Asia_and_Australasia,FALSE,FALSE,FALSE,FALSE,TRUE,FALSE,30,2,17260,643000,NA,300,NA,643000,35,0,Negative,Darnobar,worldnews,1.5440680444
Southern_Thailand,East_Asia_and_Australasia,FALSE,FALSE,TRUE,FALSE,FALSE,TRUE,11,2,4050,35000,NA,250,NA,35000,37,0,Negative,metallicirony,malaysia,1.5682017241
Myanmar,East_Asia_and_Australasia,FALSE,FALSE,FALSE,FALSE,TRUE,FALSE,30,2,17260,643000,NA,650,19357,458000,37,0,Negative,Crazola,pics,1.5682017241
Peru-Shining_Path,Caribbean_and_the_Americas,FALSE,FALSE,TRUE,FALSE,FALSE,FALSE,20,0,669,150000,NA,30,NA,NA,39,0,Negative,Ascleph,worldnews,1.591064607
Mexico-Cartels,Caribbean_and_the_Americas,TRUE,TRUE,FALSE,FALSE,FALSE,FALSE,9,2,92339,160000,13024,12000,568,160000,40,0,Negative,JokerSE,movies,1.6020599913
Myanmar,East_Asia_and_Australasia,FALSE,FALSE,FALSE,FALSE,TRUE,FALSE,30,2,17260,643000,NA,150,83177,640767,41,0,Negative,yahaya,worldnews,1.6127838567
Mexico-Cartels,Caribbean_and_the_Americas,TRUE,TRUE,FALSE,FALSE,FALSE,FALSE,9,2,92339,160000,13024,12000,568,160000,41,0,Negative,awesomechemist,circlebroke,1.6127838567
Syria,Middle_East_and_North_Africa,FALSE,TRUE,TRUE,FALSE,FALSE,FALSE,4,3,186500,7600000,4867560,49000,2231802,6500000,42,0,Negative,lioninacoma-,AskReddit,1.6232492904
Georgia-South_Ossetia,Russia_and_Eurasia,FALSE,FALSE,FALSE,FALSE,FALSE,TRUE,25,0,1467,257000,NA,NA,NA,NA,47,0,Negative,Qixotic,sports,1.6720978579
Turkey-PKK,Europe,FALSE,FALSE,TRUE,FALSE,FALSE,TRUE,31,2,43530,954000,NA,800,907,1000000,49,0,Negative,nerga,HistoryPorn,1.69019608
Mexico-Cartels,Caribbean_and_the_Americas,TRUE,TRUE,FALSE,FALSE,FALSE,FALSE,9,2,92339,160000,13024,12000,568,160000,50,0,Negative,nolcat,circlebroke,1.6989700043
Syria,Middle_East_and_North_Africa,FALSE,TRUE,TRUE,FALSE,FALSE,FALSE,4,3,186500,7600000,4867560,49000,2231802,6500000,51,0,VeryNegative,ljkp,Suomi,1.7075701761
Mexico-Cartels,Caribbean_and_the_Americas,TRUE,TRUE,FALSE,FALSE,FALSE,FALSE,9,2,92339,160000,13024,18000,184,160000,54,0,Negative,killuminati-savage,trees,1.7323937598
Philippines-NPA,East_Asia_and_Australasia,FALSE,FALSE,TRUE,FALSE,FALSE,FALSE,46,1,41710,NA,NA,150,NA,NA,59,0,Negative,snailspace,NeutralPolitics,1.7708520116
Peru-Shining_Path,Caribbean_and_the_Americas,FALSE,FALSE,TRUE,FALSE,FALSE,FALSE,20,0,669,150000,NA,14,NA,150000,59,0,Negative,snailspace,NeutralPolitics,1.7708520116
Turkey-PKK,Europe,FALSE,FALSE,TRUE,FALSE,FALSE,TRUE,31,2,43530,954000,NA,140,518,954000,69,0,Negative,[deleted],worldnews,1.8388490907
Mexico-Cartels,Caribbean_and_the_Americas,TRUE,TRUE,FALSE,FALSE,FALSE,FALSE,9,2,92339,160000,13024,18000,184,160000,116,0,Negative,Salm9n,thatHappened,2.0644579892
China-Xinjiang,East_Asia_and_Australasia,FALSE,FALSE,TRUE,FALSE,TRUE,TRUE,24,2,2892,NA,NA,40,NA,NA,233,0,VeryNegative,alttt,worldnews,2.367355921
Mexico-Cartels,Caribbean_and_the_Americas,TRUE,TRUE,FALSE,FALSE,FALSE,FALSE,9,2,92339,160000,13024,15000,NA,160000,240,0,Negative,JaktheAce,news,2.3802112417
Southern_Thailand,East_Asia_and_Australasia,FALSE,FALSE,TRUE,FALSE,FALSE,TRUE,11,2,4050,35000,NA,250,NA,35000,398,0,Negative,WordofPen,aww,2.5998830721
Mexico-Cartels,Caribbean_and_the_Americas,TRUE,TRUE,FALSE,FALSE,FALSE,FALSE,9,2,92339,160000,13024,18000,184,160000,2139,0,Negative,LiveCat6,WTF,3.3302107846
