Conflict,Region,Criminal,Foreign,Terrorism,Territorial,Ethnic,Separatist,Age,Intensity,Casualities,IDP,Refugees,SameYearFatalities,SameYearRefugees,SameYearIDP,Score,Controversy,Sentiment,Author,Subreddit
Mexico-Cartels,Caribbean_and_the_Americas,TRUE,TRUE,FALSE,FALSE,FALSE,FALSE,9,Medium,92339,160000,13024,18000,184,160000,-41,0,-1,clint_taurus,AskReddit
Syria,Middle_East_and_North_Africa,FALSE,TRUE,TRUE,FALSE,FALSE,FALSE,4,High,186500,7600000,4867560,60000,789944,2000000,-15,0,-1,steve0suprem0,pics
Turkey-PKK,Europe,FALSE,FALSE,TRUE,FALSE,FALSE,TRUE,31,Medium,43530,954000,NA,140,518,954000,-13,0,-1,SuperDrink,worldnews
Philippines-NPA,East_Asia_and_Australasia,FALSE,FALSE,TRUE,FALSE,FALSE,FALSE,46,Low,41710,NA,NA,200,-1,7000,-10,0,-1,jandre_lj,Libertarian
Syria,Middle_East_and_North_Africa,FALSE,TRUE,TRUE,FALSE,FALSE,FALSE,4,High,186500,7600000,4867560,49000,2231802,6500000,-10,0,-1,FionaSarah,starcraft
Myanmar,East_Asia_and_Australasia,FALSE,FALSE,FALSE,FALSE,TRUE,FALSE,30,Medium,17260,643000,NA,150,83177,640767,-9,0,-2,ausm8,australia
Mexico-Cartels,Caribbean_and_the_Americas,TRUE,TRUE,FALSE,FALSE,FALSE,FALSE,9,Medium,92339,160000,13024,12000,568,160000,-8,0,-1,chivista,worldnews
Turkey-PKK,Europe,FALSE,FALSE,TRUE,FALSE,FALSE,TRUE,31,Medium,43530,954000,NA,140,518,954000,-7,1,-1,erdemece,worldnews
Syria,Middle_East_and_North_Africa,FALSE,TRUE,TRUE,FALSE,FALSE,FALSE,4,High,186500,7600000,4867560,49000,2231802,6500000,-7,0,-1,ronintetsuro,politics
Turkey-PKK,Europe,FALSE,FALSE,TRUE,FALSE,FALSE,TRUE,31,Medium,43530,954000,NA,140,518,954000,-6,0,-1,myringotomy,worldnews
Philippines-NPA,East_Asia_and_Australasia,FALSE,FALSE,TRUE,FALSE,FALSE,FALSE,46,Low,41710,NA,NA,200,-1,7000,-5,0,-1,NeoPlatonist,todayilearned
Peru-Shining_Path,Caribbean_and_the_Americas,FALSE,FALSE,TRUE,FALSE,FALSE,FALSE,20,Archived,669,150000,NA,14,-1,150000,-5,0,-1,JonathanZips,politics
United_Kingdom-Northern_Ireland,Europe,TRUE,FALSE,TRUE,FALSE,FALSE,TRUE,46,Archived,3678,NA,NA,1,-1,-1,-5,0,-1,GladeAnator,anime
Myanmar,East_Asia_and_Australasia,FALSE,FALSE,FALSE,FALSE,TRUE,FALSE,30,Medium,17260,643000,NA,150,83177,640767,-4,0,-1,hachiko007,worldnews
Mexico-Cartels,Caribbean_and_the_Americas,TRUE,TRUE,FALSE,FALSE,FALSE,FALSE,9,Medium,92339,160000,13024,12000,568,160000,-4,0,0,I_am_an_intern,worldnews
Mexico-Cartels,Caribbean_and_the_Americas,TRUE,TRUE,FALSE,FALSE,FALSE,FALSE,9,Medium,92339,160000,13024,12000,568,160000,-4,0,-1,aPerfectBacon,WTF
Turkey-PKK,Europe,FALSE,FALSE,TRUE,FALSE,FALSE,TRUE,31,Medium,43530,954000,NA,800,907,1000000,-4,0,-2,TheJabrone,worldnews
United_Kingdom-Northern_Ireland,Europe,TRUE,FALSE,TRUE,FALSE,FALSE,TRUE,46,Archived,3678,NA,NA,1,-1,-1,-4,0,0,[deleted],politics
United_Kingdom-Northern_Ireland,Europe,TRUE,FALSE,TRUE,FALSE,FALSE,TRUE,46,Archived,3678,NA,NA,1,-1,-1,-4,0,-1,CDfm,ireland
Syria,Middle_East_and_North_Africa,FALSE,TRUE,TRUE,FALSE,FALSE,FALSE,4,High,186500,7600000,4867560,49000,2231802,6500000,-4,0,0,[deleted],politics
Mexico-Cartels,Caribbean_and_the_Americas,TRUE,TRUE,FALSE,FALSE,FALSE,FALSE,9,Medium,92339,160000,13024,18000,184,160000,-4,0,-1,joe_dirty365,worldnews
Syria,Middle_East_and_North_Africa,FALSE,TRUE,TRUE,FALSE,FALSE,FALSE,4,High,186500,7600000,4867560,49000,2231802,6500000,-4,0,-1,[deleted],ShitRedditSays
Syria,Middle_East_and_North_Africa,FALSE,TRUE,TRUE,FALSE,FALSE,FALSE,4,High,186500,7600000,4867560,49000,2231802,6500000,-4,0,0,mehdbc,funny
Mexico-Cartels,Caribbean_and_the_Americas,TRUE,TRUE,FALSE,FALSE,FALSE,FALSE,9,Medium,92339,160000,13024,18000,184,160000,-3,0,-1,immorta1,worldnews
Peru-Shining_Path,Caribbean_and_the_Americas,FALSE,FALSE,TRUE,FALSE,FALSE,FALSE,20,Archived,669,150000,NA,30,-1,-1,-3,0,-1,Empresa_Luminosa,minerapocalypse
Peru-Shining_Path,Caribbean_and_the_Americas,FALSE,FALSE,TRUE,FALSE,FALSE,FALSE,20,Archived,669,150000,NA,14,-1,150000,-3,0,-1,Gr8WhiteGrammarNazi,AdviceAnimals
Turkey-PKK,Europe,FALSE,FALSE,TRUE,FALSE,FALSE,TRUE,31,Medium,43530,954000,NA,140,518,954000,-3,0,0,StPauli,syriancivilwar
Philippines-NPA,East_Asia_and_Australasia,FALSE,FALSE,TRUE,FALSE,FALSE,FALSE,46,Low,41710,NA,NA,150,-1,-1,-3,0,-1,plebeian-glenn,socialism
Syria,Middle_East_and_North_Africa,FALSE,TRUE,TRUE,FALSE,FALSE,FALSE,4,High,186500,7600000,4867560,49000,2231802,6500000,-3,0,-1,Uncle_Spam,starcraft
Syria,Middle_East_and_North_Africa,FALSE,TRUE,TRUE,FALSE,FALSE,FALSE,4,High,186500,7600000,4867560,60000,789944,2000000,-3,0,1,eternalkerri,space
Syria,Middle_East_and_North_Africa,FALSE,TRUE,TRUE,FALSE,FALSE,FALSE,4,High,186500,7600000,4867560,49000,2231802,6500000,-3,0,0,shitterplug,Futurology
Mexico-Cartels,Caribbean_and_the_Americas,TRUE,TRUE,FALSE,FALSE,FALSE,FALSE,9,Medium,92339,160000,13024,18000,184,160000,-2,0,1,zwirlo,worldnews
Mexico-Cartels,Caribbean_and_the_Americas,TRUE,TRUE,FALSE,FALSE,FALSE,FALSE,9,Medium,92339,160000,13024,18000,184,160000,-2,0,-1,hassenberg,AskReddit
Turkey-PKK,Europe,FALSE,FALSE,TRUE,FALSE,FALSE,TRUE,31,Medium,43530,954000,NA,140,518,954000,-2,1,-1,erdemece,Turkey
Turkey-PKK,Europe,FALSE,FALSE,TRUE,FALSE,FALSE,TRUE,31,Medium,43530,954000,NA,140,518,954000,-2,0,-1,limmericky,Turkey
Philippines-NPA,East_Asia_and_Australasia,FALSE,FALSE,TRUE,FALSE,FALSE,FALSE,46,Low,41710,NA,NA,200,-1,7000,-2,0,-1,Anybodykiller,worldnews
Peru-Shining_Path,Caribbean_and_the_Americas,FALSE,FALSE,TRUE,FALSE,FALSE,FALSE,20,Archived,669,150000,NA,14,-1,150000,-2,0,-1,LyricBomber,atheism
Syria,Middle_East_and_North_Africa,FALSE,TRUE,TRUE,FALSE,FALSE,FALSE,4,High,186500,7600000,4867560,60000,789944,2000000,-2,0,0,woodyallin,todayilearned
Mexico-Cartels,Caribbean_and_the_Americas,TRUE,TRUE,FALSE,FALSE,FALSE,FALSE,9,Medium,92339,160000,13024,18000,184,160000,-2,0,-1,[deleted],worldnews
Mexico-Cartels,Caribbean_and_the_Americas,TRUE,TRUE,FALSE,FALSE,FALSE,FALSE,9,Medium,92339,160000,13024,18000,184,160000,-1,0,-1,FockSmulder,news
Peru-Shining_Path,Caribbean_and_the_Americas,FALSE,FALSE,TRUE,FALSE,FALSE,FALSE,20,Archived,669,150000,NA,-1,-1,-1,-1,1,-1,GayLubeOil,TheRedPill
Philippines-NPA,East_Asia_and_Australasia,FALSE,FALSE,TRUE,FALSE,FALSE,FALSE,46,Low,41710,NA,NA,150,-1,-1,-1,0,-2,justgun1,explainlikeimfive
Mexico-Cartels,Caribbean_and_the_Americas,TRUE,TRUE,FALSE,FALSE,FALSE,FALSE,9,Medium,92339,160000,13024,12000,568,160000,-1,0,-1,meshibuntupl0x,worldnews
Peru-Shining_Path,Caribbean_and_the_Americas,FALSE,FALSE,TRUE,FALSE,FALSE,FALSE,20,Archived,669,150000,NA,-1,-1,-1,-1,1,-1,mgzukowski,worldnews
Mexico-Cartels,Caribbean_and_the_Americas,TRUE,TRUE,FALSE,FALSE,FALSE,FALSE,9,Medium,92339,160000,13024,18000,184,160000,-1,0,-2,movienevermade,AskReddit
Mexico-Cartels,Caribbean_and_the_Americas,TRUE,TRUE,FALSE,FALSE,FALSE,FALSE,9,Medium,92339,160000,13024,12000,568,160000,-1,0,-2,apextek,politics
Mexico-Cartels,Caribbean_and_the_Americas,TRUE,TRUE,FALSE,FALSE,FALSE,FALSE,9,Medium,92339,160000,13024,12000,568,160000,-1,0,-1,[deleted],worldnews
Mexico-Cartels,Caribbean_and_the_Americas,TRUE,TRUE,FALSE,FALSE,FALSE,FALSE,9,Medium,92339,160000,13024,18000,184,160000,-1,0,-1,elpaw,funny
Peru-Shining_Path,Caribbean_and_the_Americas,FALSE,FALSE,TRUE,FALSE,FALSE,FALSE,20,Archived,669,150000,NA,30,-1,-1,-1,0,-1,ripsmileyculture,communism
Georgia-South_Ossetia,Russia_and_Eurasia,FALSE,FALSE,FALSE,FALSE,FALSE,TRUE,25,Archived,1467,257000,NA,2,-1,-1,-1,0,-1,[deleted],politics
Peru-Shining_Path,Caribbean_and_the_Americas,FALSE,FALSE,TRUE,FALSE,FALSE,FALSE,20,Archived,669,150000,NA,30,-1,-1,-1,0,-1,reasonsnotrules,communism
Syria,Middle_East_and_North_Africa,FALSE,TRUE,TRUE,FALSE,FALSE,FALSE,4,High,186500,7600000,4867560,49000,2231802,6500000,-1,0,-1,beccairene,politics
Peru-Shining_Path,Caribbean_and_the_Americas,FALSE,FALSE,TRUE,FALSE,FALSE,FALSE,20,Archived,669,150000,NA,14,-1,150000,-1,0,-1,circuitloss,civ
Syria,Middle_East_and_North_Africa,FALSE,TRUE,TRUE,FALSE,FALSE,FALSE,4,High,186500,7600000,4867560,70000,-1,7600000,-1,0,-1,Heartgold22,Tennessee
Syria,Middle_East_and_North_Africa,FALSE,TRUE,TRUE,FALSE,FALSE,FALSE,4,High,186500,7600000,4867560,60000,789944,2000000,-1,0,-1,pathjumper,technology
Myanmar,East_Asia_and_Australasia,FALSE,FALSE,FALSE,FALSE,TRUE,FALSE,30,Medium,17260,643000,NA,650,19357,458000,0,0,-1,greenvox,islam
Philippines-ASG,East_Asia_and_Australasia,TRUE,FALSE,TRUE,FALSE,FALSE,TRUE,24,Low,2120,NA,NA,80,-1,7000,0,0,-1,[deleted],pics
Mexico-Cartels,Caribbean_and_the_Americas,TRUE,TRUE,FALSE,FALSE,FALSE,FALSE,9,Medium,92339,160000,13024,15000,-1,160000,0,0,-1,2JokersWild,politics
Myanmar,East_Asia_and_Australasia,FALSE,FALSE,FALSE,FALSE,TRUE,FALSE,30,Medium,17260,643000,NA,150,83177,640767,0,0,-1,kinisonkhan,Seattle
Turkey-PKK,Europe,FALSE,FALSE,TRUE,FALSE,FALSE,TRUE,31,Medium,43530,954000,NA,140,518,954000,0,0,-1,OHscruples,politics
Mexico-Cartels,Caribbean_and_the_Americas,TRUE,TRUE,FALSE,FALSE,FALSE,FALSE,9,Medium,92339,160000,13024,18000,184,160000,0,0,0,FuckFrankie,conspiracy
Mexico-Cartels,Caribbean_and_the_Americas,TRUE,TRUE,FALSE,FALSE,FALSE,FALSE,9,Medium,92339,160000,13024,18000,184,160000,0,0,-1,GuardianSoldier,news
Myanmar,East_Asia_and_Australasia,FALSE,FALSE,FALSE,FALSE,TRUE,FALSE,30,Medium,17260,643000,NA,150,83177,640767,0,0,-1,[deleted],india
Myanmar,East_Asia_and_Australasia,FALSE,FALSE,FALSE,FALSE,TRUE,FALSE,30,Medium,17260,643000,NA,150,83177,640767,0,0,-1,patentpending,AskReddit
Mexico-Cartels,Caribbean_and_the_Americas,TRUE,TRUE,FALSE,FALSE,FALSE,FALSE,9,Medium,92339,160000,13024,18000,184,160000,0,0,-1,[deleted],AdviceAnimals
Turkey-PKK,Europe,FALSE,FALSE,TRUE,FALSE,FALSE,TRUE,31,Medium,43530,954000,NA,140,518,954000,0,0,-1,medfield,worldnews
Philippines-NPA,East_Asia_and_Australasia,FALSE,FALSE,TRUE,FALSE,FALSE,FALSE,46,Low,41710,NA,NA,150,-1,-1,0,0,-1,OHscruples,politics
Turkey-PKK,Europe,FALSE,FALSE,TRUE,FALSE,FALSE,TRUE,31,Medium,43530,954000,NA,800,907,1000000,0,0,1,hipsterscumbag,worldnews
Mexico-Cartels,Caribbean_and_the_Americas,TRUE,TRUE,FALSE,FALSE,FALSE,FALSE,9,Medium,92339,160000,13024,12000,568,160000,0,0,-1,Boycubpiglet,AskReddit
Mexico-Cartels,Caribbean_and_the_Americas,TRUE,TRUE,FALSE,FALSE,FALSE,FALSE,9,Medium,92339,160000,13024,18000,184,160000,0,0,-1,epgenius,WTF
Peru-Shining_Path,Caribbean_and_the_Americas,FALSE,FALSE,TRUE,FALSE,FALSE,FALSE,20,Archived,669,150000,NA,14,-1,150000,0,0,-1,OHscruples,politics
China-Xinjiang,East_Asia_and_Australasia,FALSE,FALSE,TRUE,FALSE,TRUE,TRUE,24,Medium,2892,NA,NA,140,-1,-1,0,0,-1,hymrr,worldnews
Peru-Shining_Path,Caribbean_and_the_Americas,FALSE,FALSE,TRUE,FALSE,FALSE,FALSE,20,Archived,669,150000,NA,30,-1,-1,0,0,-1,tombrusky,PropagandaPosters
Philippines-MILF,East_Asia_and_Australasia,FALSE,FALSE,FALSE,FALSE,FALSE,TRUE,31,Low,73500,115772,NA,175,-1,-1,0,0,-1,Tehgumchum,WTF
Mexico-Cartels,Caribbean_and_the_Americas,TRUE,TRUE,FALSE,FALSE,FALSE,FALSE,9,Medium,92339,160000,13024,18000,184,160000,0,0,-1,mrbooze,gaming
Southern_Thailand,East_Asia_and_Australasia,FALSE,FALSE,TRUE,FALSE,FALSE,TRUE,11,Medium,4050,35000,NA,250,-1,35000,0,0,-2,lightsmiles,worldnews
Turkey-PKK,Europe,FALSE,FALSE,TRUE,FALSE,FALSE,TRUE,31,Medium,43530,954000,NA,140,518,954000,0,0,-2,Zafara1,todayilearned
Philippines-NPA,East_Asia_and_Australasia,FALSE,FALSE,TRUE,FALSE,FALSE,FALSE,46,Low,41710,NA,NA,150,-1,-1,0,0,-1,[deleted],socialism
Turkey-PKK,Europe,FALSE,FALSE,TRUE,FALSE,FALSE,TRUE,31,Medium,43530,954000,NA,140,518,954000,0,0,-1,[deleted],politics
Turkey-PKK,Europe,FALSE,FALSE,TRUE,FALSE,FALSE,TRUE,31,Medium,43530,954000,NA,140,518,954000,0,0,-1,ofarrizzle,syriancivilwar
Peru-Shining_Path,Caribbean_and_the_Americas,FALSE,FALSE,TRUE,FALSE,FALSE,FALSE,20,Archived,669,150000,NA,14,-1,150000,0,0,-1,the-mp,worldnews
Indonesia-West_Papua,East_Asia_and_Australasia,FALSE,FALSE,FALSE,FALSE,FALSE,TRUE,50,Archived,30249,NA,NA,25,-1,-1,0,0,1,superbekz,australia
Indonesia-West_Papua,East_Asia_and_Australasia,FALSE,FALSE,FALSE,FALSE,FALSE,TRUE,50,Archived,30249,NA,NA,25,-1,-1,0,0,-1,Tothebillyoh,funny
Philippines-NPA,East_Asia_and_Australasia,FALSE,FALSE,TRUE,FALSE,FALSE,FALSE,46,Low,41710,NA,NA,150,-1,-1,0,0,0,mindanaoboy,Philippines
Peru-Shining_Path,Caribbean_and_the_Americas,FALSE,FALSE,TRUE,FALSE,FALSE,FALSE,20,Archived,669,150000,NA,14,-1,150000,0,0,-1,daupo,AskReddit
Mexico-Cartels,Caribbean_and_the_Americas,TRUE,TRUE,FALSE,FALSE,FALSE,FALSE,9,Medium,92339,160000,13024,15000,-1,160000,0,0,-1,ThreeCranes,PoliticalDiscussion
Indonesia-West_Papua,East_Asia_and_Australasia,FALSE,FALSE,FALSE,FALSE,FALSE,TRUE,50,Archived,30249,NA,NA,25,-1,-1,0,0,-1,Tothebillyoh,funny
Turkey-PKK,Europe,FALSE,FALSE,TRUE,FALSE,FALSE,TRUE,31,Medium,43530,954000,NA,800,907,1000000,0,0,-1,2dollarb,worldnews
Myanmar,East_Asia_and_Australasia,FALSE,FALSE,FALSE,FALSE,TRUE,FALSE,30,Medium,17260,643000,NA,650,19357,458000,0,0,-1,green_flash,worldnews
Central_Asia,Russia_and_Eurasia,TRUE,FALSE,TRUE,FALSE,FALSE,FALSE,16,Low,1188,70400,NA,10,-1,70400,0,0,-1,OHscruples,politics
Central_Asia,Russia_and_Eurasia,TRUE,FALSE,TRUE,FALSE,FALSE,FALSE,16,Low,1188,70400,NA,35,-1,70400,0,0,NA,[deleted],PoliticalDiscussion
Central_Asia,Russia_and_Eurasia,TRUE,FALSE,TRUE,FALSE,FALSE,FALSE,16,Low,1188,70400,NA,35,-1,70400,0,0,-1,[deleted],PoliticalDiscussion
Peru-Shining_Path,Caribbean_and_the_Americas,FALSE,FALSE,TRUE,FALSE,FALSE,FALSE,20,Archived,669,150000,NA,30,-1,-1,0,0,-1,[deleted],communism
Peru-Shining_Path,Caribbean_and_the_Americas,FALSE,FALSE,TRUE,FALSE,FALSE,FALSE,20,Archived,669,150000,NA,14,-1,150000,0,0,-1,EekAMaoist,socialism
Central_Asia,Russia_and_Eurasia,TRUE,FALSE,TRUE,FALSE,FALSE,FALSE,16,Low,1188,70400,NA,250,-1,67726,0,0,-1,[deleted],todayilearned
Central_Asia,Russia_and_Eurasia,TRUE,FALSE,TRUE,FALSE,FALSE,FALSE,16,Low,1188,70400,NA,10,-1,70400,0,0,-1,RationalistPig,worldpolitics
Syria,Middle_East_and_North_Africa,FALSE,TRUE,TRUE,FALSE,FALSE,FALSE,4,High,186500,7600000,4867560,60000,789944,2000000,0,0,-2,Fuk_Pig_Apologists,politics
Syria,Middle_East_and_North_Africa,FALSE,TRUE,TRUE,FALSE,FALSE,FALSE,4,High,186500,7600000,4867560,60000,789944,2000000,0,0,-1,gobacktosleepamerica,todayilearned
Mexico-Cartels,Caribbean_and_the_Americas,TRUE,TRUE,FALSE,FALSE,FALSE,FALSE,9,Medium,92339,160000,13024,18000,184,160000,0,0,-1,BiGBoSS_BK,Injusticegame
Mexico-Cartels,Caribbean_and_the_Americas,TRUE,TRUE,FALSE,FALSE,FALSE,FALSE,9,Medium,92339,160000,13024,18000,184,160000,0,0,-1,zoidberg1339,todayilearned
Mexico-Cartels,Caribbean_and_the_Americas,TRUE,TRUE,FALSE,FALSE,FALSE,FALSE,9,Medium,92339,160000,13024,15000,-1,160000,0,0,0,so_bot,videos
Mexico-Cartels,Caribbean_and_the_Americas,TRUE,TRUE,FALSE,FALSE,FALSE,FALSE,9,Medium,92339,160000,13024,15000,-1,160000,0,0,-1,ginja_ninja,AskReddit
Syria,Middle_East_and_North_Africa,FALSE,TRUE,TRUE,FALSE,FALSE,FALSE,4,High,186500,7600000,4867560,60000,789944,2000000,0,0,1,gregflowers,RealEstate
Mexico-Cartels,Caribbean_and_the_Americas,TRUE,TRUE,FALSE,FALSE,FALSE,FALSE,9,Medium,92339,160000,13024,18000,184,160000,0,0,1,jlwa234,AskReddit
Syria,Middle_East_and_North_Africa,FALSE,TRUE,TRUE,FALSE,FALSE,FALSE,4,High,186500,7600000,4867560,49000,2231802,6500000,0,0,-1,ChaosMotor,economy
Syria,Middle_East_and_North_Africa,FALSE,TRUE,TRUE,FALSE,FALSE,FALSE,4,High,186500,7600000,4867560,49000,2231802,6500000,0,0,0,mStary,WTF
Syria,Middle_East_and_North_Africa,FALSE,TRUE,TRUE,FALSE,FALSE,FALSE,4,High,186500,7600000,4867560,49000,2231802,6500000,0,0,-1,CuilRunnings,AskSocialScience
Syria,Middle_East_and_North_Africa,FALSE,TRUE,TRUE,FALSE,FALSE,FALSE,4,High,186500,7600000,4867560,70000,-1,7600000,0,0,-1,workhorse_investor,investing
Georgia-South_Ossetia,Russia_and_Eurasia,FALSE,FALSE,FALSE,FALSE,FALSE,TRUE,25,Archived,1467,257000,NA,-1,-1,-1,0,0,-1,Ryuzakku,worldnews
Syria,Middle_East_and_North_Africa,FALSE,TRUE,TRUE,FALSE,FALSE,FALSE,4,High,186500,7600000,4867560,70000,-1,7600000,0,0,-1,themagicbong,videos
Peru-Shining_Path,Caribbean_and_the_Americas,FALSE,FALSE,TRUE,FALSE,FALSE,FALSE,20,Archived,669,150000,NA,30,-1,-1,0,0,0,[deleted],montreal
Georgia-South_Ossetia,Russia_and_Eurasia,FALSE,FALSE,FALSE,FALSE,FALSE,TRUE,25,Archived,1467,257000,NA,-1,-1,257000,0,0,-1,monkeyman114,science
Syria,Middle_East_and_North_Africa,FALSE,TRUE,TRUE,FALSE,FALSE,FALSE,4,High,186500,7600000,4867560,60000,789944,2000000,0,0,-1,Wakata,worldnews
Mexico-Cartels,Caribbean_and_the_Americas,TRUE,TRUE,FALSE,FALSE,FALSE,FALSE,9,Medium,92339,160000,13024,15000,-1,160000,0,0,-1,Dks_Rainbow_Sparkle,AdviceAnimals
Myanmar,East_Asia_and_Australasia,FALSE,FALSE,FALSE,FALSE,TRUE,FALSE,30,Medium,17260,643000,NA,650,19357,458000,0,0,-1,joanco,IAmA
Mexico-Cartels,Caribbean_and_the_Americas,TRUE,TRUE,FALSE,FALSE,FALSE,FALSE,9,Medium,92339,160000,13024,12000,568,160000,0,0,-1,Bring_dem,Conservative
Myanmar,East_Asia_and_Australasia,FALSE,FALSE,FALSE,FALSE,TRUE,FALSE,30,Medium,17260,643000,NA,150,83177,640767,0,0,0,mcgaggen,AskReddit
Myanmar,East_Asia_and_Australasia,FALSE,FALSE,FALSE,FALSE,TRUE,FALSE,30,Medium,17260,643000,NA,150,83177,640767,0,0,-1,[deleted],worldnews
Myanmar,East_Asia_and_Australasia,FALSE,FALSE,FALSE,FALSE,TRUE,FALSE,30,Medium,17260,643000,NA,150,83177,640767,0,0,-1,PLanPLan,politics
