Conflict,Region,Criminal,Foreign,Terrorism,Territorial,Ethnic,Separatist,Age,Intensity,Casualities,IDP,Refugees,SameYearFatalities,SameYearRefugees,SameYearIDP,Score,Controversy,Sentiment,Author,Subreddit,logscore,binscore
Myanmar,East_Asia_and_Australasia,FALSE,FALSE,FALSE,FALSE,TRUE,FALSE,30,Medium,17260,643000,NA,650,19357,458000,-16,0,Positive,wial,worldnews,-2.2041199827,FALSE
Syria,Middle_East_and_North_Africa,FALSE,TRUE,TRUE,FALSE,FALSE,FALSE,4,High,186500,7600000,4867560,60000,789944,2000000,-3,0,Positive,eternalkerri,space,-1.4771212547,FALSE
Mexico-Cartels,Caribbean_and_the_Americas,TRUE,TRUE,FALSE,FALSE,FALSE,FALSE,9,Medium,92339,160000,13024,18000,184,160000,-2,0,Positive,zwirlo,worldnews,-1.3010299957,FALSE
Mexico-Cartels,Caribbean_and_the_Americas,TRUE,TRUE,FALSE,FALSE,FALSE,FALSE,9,Medium,92339,160000,13024,18000,184,160000,-2,0,Positive,Dlaw25,pics,-1.3010299957,FALSE
Georgia-South_Ossetia,Russia_and_Eurasia,FALSE,FALSE,FALSE,FALSE,FALSE,TRUE,25,Archived,1467,257000,NA,NA,NA,257000,-2,0,Positive,OrdoAlbiPhoenicis,worldnews,-1.3010299957,FALSE
Turkey-PKK,Europe,FALSE,FALSE,TRUE,FALSE,FALSE,TRUE,31,Medium,43530,954000,NA,800,907,1000000,0,0,Positive,hipsterscumbag,worldnews,-1,FALSE
Indonesia-West_Papua,East_Asia_and_Australasia,FALSE,FALSE,FALSE,FALSE,FALSE,TRUE,50,Archived,30249,NA,NA,25,NA,NA,0,0,Positive,superbekz,australia,-1,FALSE
Syria,Middle_East_and_North_Africa,FALSE,TRUE,TRUE,FALSE,FALSE,FALSE,4,High,186500,7600000,4867560,60000,789944,2000000,0,0,Positive,gregflowers,RealEstate,-1,FALSE
Mexico-Cartels,Caribbean_and_the_Americas,TRUE,TRUE,FALSE,FALSE,FALSE,FALSE,9,Medium,92339,160000,13024,18000,184,160000,0,0,Positive,jlwa234,AskReddit,-1,FALSE
Mexico-Cartels,Caribbean_and_the_Americas,TRUE,TRUE,FALSE,FALSE,FALSE,FALSE,9,Medium,92339,160000,13024,18000,184,160000,0,0,Positive,JBgreen,AskReddit,-1,FALSE
Mexico-Cartels,Caribbean_and_the_Americas,TRUE,TRUE,FALSE,FALSE,FALSE,FALSE,9,Medium,92339,160000,13024,18000,184,160000,0,0,Positive,[deleted],politics,-1,FALSE
Peru-Shining_Path,Caribbean_and_the_Americas,FALSE,FALSE,TRUE,FALSE,FALSE,FALSE,20,Archived,669,150000,NA,NA,NA,NA,0,0,Positive,graphictruth,canada,-1,FALSE
Peru-Shining_Path,Caribbean_and_the_Americas,FALSE,FALSE,TRUE,FALSE,FALSE,FALSE,20,Archived,669,150000,NA,14,NA,150000,0,0,Positive,arizonaburning,politics,-1,FALSE
Peru-Shining_Path,Caribbean_and_the_Americas,FALSE,FALSE,TRUE,FALSE,FALSE,FALSE,20,Archived,669,150000,NA,14,NA,150000,0,0,Positive,sffunfun,business,-1,FALSE
Georgia-South_Ossetia,Russia_and_Eurasia,FALSE,FALSE,FALSE,FALSE,FALSE,TRUE,25,Archived,1467,257000,NA,NA,NA,257000,0,0,Positive,Zifnab25,worldnews,-1,FALSE
Mexico-Cartels,Caribbean_and_the_Americas,TRUE,TRUE,FALSE,FALSE,FALSE,FALSE,9,Medium,92339,160000,13024,12000,568,160000,0,0,Positive,KingBok,IAmA,-1,FALSE
Myanmar,East_Asia_and_Australasia,FALSE,FALSE,FALSE,FALSE,TRUE,FALSE,30,Medium,17260,643000,NA,150,83177,640767,2,0,Positive,MADaboutforests,AskReddit,0.3010299957,TRUE
Mexico-Cartels,Caribbean_and_the_Americas,TRUE,TRUE,FALSE,FALSE,FALSE,FALSE,9,Medium,92339,160000,13024,15000,NA,160000,2,0,Positive,armorov,worldnews,0.3010299957,TRUE
Southern_Thailand,East_Asia_and_Australasia,FALSE,FALSE,TRUE,FALSE,FALSE,TRUE,11,Medium,4050,35000,NA,250,NA,35000,2,0,Positive,epicnesshunter,AskReddit,0.3010299957,TRUE
Peru-Shining_Path,Caribbean_and_the_Americas,FALSE,FALSE,TRUE,FALSE,FALSE,FALSE,20,Archived,669,150000,NA,NA,NA,NA,2,0,Positive,sirbrentonalechugger,asoiaf,0.3010299957,TRUE
Philippines-NPA,East_Asia_and_Australasia,FALSE,FALSE,TRUE,FALSE,FALSE,FALSE,46,Low,41710,NA,NA,200,NA,7000,2,0,Positive,[deleted],communism,0.3010299957,TRUE
Myanmar,East_Asia_and_Australasia,FALSE,FALSE,FALSE,FALSE,TRUE,FALSE,30,Medium,17260,643000,NA,650,19357,458000,2,0,Positive,[deleted],TwoXChromosomes,0.3010299957,TRUE
Peru-Shining_Path,Caribbean_and_the_Americas,FALSE,FALSE,TRUE,FALSE,FALSE,FALSE,20,Archived,669,150000,NA,30,NA,NA,2,0,Positive,Newlyfailedaccount,worldnews,0.3010299957,TRUE
Myanmar,East_Asia_and_Australasia,FALSE,FALSE,FALSE,FALSE,TRUE,FALSE,30,Medium,17260,643000,NA,650,19357,458000,2,0,Positive,chamaar,india,0.3010299957,TRUE
Myanmar,East_Asia_and_Australasia,FALSE,FALSE,FALSE,FALSE,TRUE,FALSE,30,Medium,17260,643000,NA,150,83177,640767,2,0,Positive,wial,Buddhism,0.3010299957,TRUE
Peru-Shining_Path,Caribbean_and_the_Americas,FALSE,FALSE,TRUE,FALSE,FALSE,FALSE,20,Archived,669,150000,NA,30,NA,NA,2,0,Positive,storiesgonowhere,AskReddit,0.3010299957,TRUE
Syria,Middle_East_and_North_Africa,FALSE,TRUE,TRUE,FALSE,FALSE,FALSE,4,High,186500,7600000,4867560,60000,789944,2000000,2,0,Positive,4FF41R,AskReddit,0.3010299957,TRUE
United_Kingdom-Northern_Ireland,Europe,TRUE,FALSE,TRUE,FALSE,FALSE,TRUE,46,Archived,3678,NA,NA,1,NA,NA,2,0,Positive,ackbosh,leagueoflegends,0.3010299957,TRUE
Syria,Middle_East_and_North_Africa,FALSE,TRUE,TRUE,FALSE,FALSE,FALSE,4,High,186500,7600000,4867560,49000,2231802,6500000,2,0,Positive,AbatedDust,WTF,0.3010299957,TRUE
Syria,Middle_East_and_North_Africa,FALSE,TRUE,TRUE,FALSE,FALSE,FALSE,4,High,186500,7600000,4867560,49000,2231802,6500000,2,0,Positive,hekati,cats,0.3010299957,TRUE
Syria,Middle_East_and_North_Africa,FALSE,TRUE,TRUE,FALSE,FALSE,FALSE,4,High,186500,7600000,4867560,49000,2231802,6500000,2,0,Positive,Gilianz,Diablo,0.3010299957,TRUE
Peru-Shining_Path,Caribbean_and_the_Americas,FALSE,FALSE,TRUE,FALSE,FALSE,FALSE,20,Archived,669,150000,NA,14,NA,150000,2,0,Positive,iamthepanacea,AskHistorians,0.3010299957,TRUE
Egypt-Sinai,Middle_East_and_North_Africa,TRUE,FALSE,TRUE,FALSE,FALSE,FALSE,2,Medium,365,NA,NA,225,NA,NA,2,0,Positive,ready_to_go_,worldnews,0.3010299957,TRUE
Peru-Shining_Path,Caribbean_and_the_Americas,FALSE,FALSE,TRUE,FALSE,FALSE,FALSE,20,Archived,669,150000,NA,14,NA,150000,2,0,Positive,MasCapital,communism,0.3010299957,TRUE
Peru-Shining_Path,Caribbean_and_the_Americas,FALSE,FALSE,TRUE,FALSE,FALSE,FALSE,20,Archived,669,150000,NA,NA,NA,NA,2,0,Positive,vajrabhijna108,Buddhism,0.3010299957,TRUE
Mexico-Cartels,Caribbean_and_the_Americas,TRUE,TRUE,FALSE,FALSE,FALSE,FALSE,9,Medium,92339,160000,13024,12000,568,160000,2,0,Positive,verichrome,opiates,0.3010299957,TRUE
Syria,Middle_East_and_North_Africa,FALSE,TRUE,TRUE,FALSE,FALSE,FALSE,4,High,186500,7600000,4867560,49000,2231802,6500000,2,0,Positive,CarloPlaya,soccer,0.3010299957,TRUE
Peru-Shining_Path,Caribbean_and_the_Americas,FALSE,FALSE,TRUE,FALSE,FALSE,FALSE,20,Archived,669,150000,NA,14,NA,150000,2,0,Positive,ThatNeonZebraAgain,worldnews,0.3010299957,TRUE
Egypt-Sinai,Middle_East_and_North_Africa,TRUE,FALSE,TRUE,FALSE,FALSE,FALSE,2,Medium,365,NA,NA,NA,NA,NA,2,0,Positive,maria340,Israel,0.3010299957,TRUE
Mexico-Cartels,Caribbean_and_the_Americas,TRUE,TRUE,FALSE,FALSE,FALSE,FALSE,9,Medium,92339,160000,13024,18000,184,160000,2,0,Positive,YourEnviousEnemy,WTF,0.3010299957,TRUE
Syria,Middle_East_and_North_Africa,FALSE,TRUE,TRUE,FALSE,FALSE,FALSE,4,High,186500,7600000,4867560,60000,789944,2000000,2,0,Positive,mrwoolery,gaybros,0.3010299957,TRUE
United_Kingdom-Northern_Ireland,Europe,TRUE,FALSE,TRUE,FALSE,FALSE,TRUE,46,Archived,3678,NA,NA,NA,NA,NA,2,0,Positive,cheesecakeaficionado,nfl,0.3010299957,TRUE
Georgia-South_Ossetia,Russia_and_Eurasia,FALSE,FALSE,FALSE,FALSE,FALSE,TRUE,25,Archived,1467,257000,NA,NA,NA,257000,2,0,Positive,RJPatrick,todayilearned,0.3010299957,TRUE
Mexico-Cartels,Caribbean_and_the_Americas,TRUE,TRUE,FALSE,FALSE,FALSE,FALSE,9,Medium,92339,160000,13024,18000,184,160000,2,0,Positive,impreprex,news,0.3010299957,TRUE
Myanmar,East_Asia_and_Australasia,FALSE,FALSE,FALSE,FALSE,TRUE,FALSE,30,Medium,17260,643000,NA,650,19357,458000,2,0,Positive,CrashAtlas,atheism,0.3010299957,TRUE
Peru-Shining_Path,Caribbean_and_the_Americas,FALSE,FALSE,TRUE,FALSE,FALSE,FALSE,20,Archived,669,150000,NA,14,NA,150000,3,0,Positive,Forgotten_Password_,AskHistorians,0.4771212547,TRUE
Myanmar,East_Asia_and_Australasia,FALSE,FALSE,FALSE,FALSE,TRUE,FALSE,30,Medium,17260,643000,NA,150,83177,640767,3,0,Positive,drinktusker,AskReddit,0.4771212547,TRUE
Peru-Shining_Path,Caribbean_and_the_Americas,FALSE,FALSE,TRUE,FALSE,FALSE,FALSE,20,Archived,669,150000,NA,14,NA,150000,3,0,Positive,thenoorys,socialism,0.4771212547,TRUE
Syria,Middle_East_and_North_Africa,FALSE,TRUE,TRUE,FALSE,FALSE,FALSE,4,High,186500,7600000,4867560,49000,2231802,6500000,3,0,Positive,jkansas,politics,0.4771212547,TRUE
Mexico-Cartels,Caribbean_and_the_Americas,TRUE,TRUE,FALSE,FALSE,FALSE,FALSE,9,Medium,92339,160000,13024,18000,184,160000,3,0,Positive,[deleted],GrandTheftAutoV,0.4771212547,TRUE
Mexico-Cartels,Caribbean_and_the_Americas,TRUE,TRUE,FALSE,FALSE,FALSE,FALSE,9,Medium,92339,160000,13024,12000,568,160000,3,0,Positive,catclops13,breakingbad,0.4771212547,TRUE
United_Kingdom-Northern_Ireland,Europe,TRUE,FALSE,TRUE,FALSE,FALSE,TRUE,46,Archived,3678,NA,NA,NA,NA,NA,3,0,Positive,CisternaChyli,ABCDesis,0.4771212547,TRUE
Syria,Middle_East_and_North_Africa,FALSE,TRUE,TRUE,FALSE,FALSE,FALSE,4,High,186500,7600000,4867560,70000,NA,7600000,3,0,Positive,NinjaCoachZ,Games,0.4771212547,TRUE
Yemen-Houthis-AQAP-SMM,Middle_East_and_North_Africa,FALSE,FALSE,TRUE,FALSE,FALSE,TRUE,6,High,11350,334100,NA,950,NA,306964,3,0,Positive,spindu,britishproblems,0.4771212547,TRUE
Peru-Shining_Path,Caribbean_and_the_Americas,FALSE,FALSE,TRUE,FALSE,FALSE,FALSE,20,Archived,669,150000,NA,14,NA,150000,3,0,Positive,oliverhart,communism101,0.4771212547,TRUE
Peru-Shining_Path,Caribbean_and_the_Americas,FALSE,FALSE,TRUE,FALSE,FALSE,FALSE,20,Archived,669,150000,NA,NA,NA,NA,3,0,Positive,catchatorie,AskReddit,0.4771212547,TRUE
Egypt-Sinai,Middle_East_and_North_Africa,TRUE,FALSE,TRUE,FALSE,FALSE,FALSE,2,Medium,365,NA,NA,225,NA,NA,3,0,Positive,JonathanZips,pics,0.4771212547,TRUE
Egypt-Sinai,Middle_East_and_North_Africa,TRUE,FALSE,TRUE,FALSE,FALSE,FALSE,2,Medium,365,NA,NA,225,NA,NA,3,0,Positive,Arrogant_Jew,AskHistorians,0.4771212547,TRUE
Peru-Shining_Path,Caribbean_and_the_Americas,FALSE,FALSE,TRUE,FALSE,FALSE,FALSE,20,Archived,669,150000,NA,14,NA,150000,3,0,Positive,[deleted],todayilearned,0.4771212547,TRUE
United_Kingdom-Northern_Ireland,Europe,TRUE,FALSE,TRUE,FALSE,FALSE,TRUE,46,Archived,3678,NA,NA,4,NA,NA,3,0,Positive,Urthstripe,TrueFilm,0.4771212547,TRUE
Mexico-Cartels,Caribbean_and_the_Americas,TRUE,TRUE,FALSE,FALSE,FALSE,FALSE,9,Medium,92339,160000,13024,18000,184,160000,4,0,Positive,Sunshinesnape,WTF,0.6020599913,TRUE
Peru-Shining_Path,Caribbean_and_the_Americas,FALSE,FALSE,TRUE,FALSE,FALSE,FALSE,20,Archived,669,150000,NA,NA,NA,NA,4,0,Positive,OnlyMySofaPullsOut,AskReddit,0.6020599913,TRUE
Myanmar,East_Asia_and_Australasia,FALSE,FALSE,FALSE,FALSE,TRUE,FALSE,30,Medium,17260,643000,NA,150,83177,640767,4,0,Positive,piisi,pics,0.6020599913,TRUE
Egypt-Sinai,Middle_East_and_North_Africa,TRUE,FALSE,TRUE,FALSE,FALSE,FALSE,2,Medium,365,NA,NA,225,NA,NA,4,0,Positive,foopirata,Israel,0.6020599913,TRUE
Mexico-Cartels,Caribbean_and_the_Americas,TRUE,TRUE,FALSE,FALSE,FALSE,FALSE,9,Medium,92339,160000,13024,18000,184,160000,4,0,Positive,bortable,ILiveIn,0.6020599913,TRUE
United_Kingdom-Northern_Ireland,Europe,TRUE,FALSE,TRUE,FALSE,FALSE,TRUE,46,Archived,3678,NA,NA,NA,NA,NA,4,0,Positive,gmcb007,northernireland,0.6020599913,TRUE
Syria,Middle_East_and_North_Africa,FALSE,TRUE,TRUE,FALSE,FALSE,FALSE,4,High,186500,7600000,4867560,49000,2231802,6500000,4,0,Positive,randomsnark,gaming,0.6020599913,TRUE
Moldova-Transnistria,Europe,FALSE,FALSE,FALSE,FALSE,FALSE,TRUE,23,Archived,1001,NA,NA,NA,NA,NA,4,0,Positive,Rashkolnikov,AskReddit,0.6020599913,TRUE
Mexico-Cartels,Caribbean_and_the_Americas,TRUE,TRUE,FALSE,FALSE,FALSE,FALSE,9,Medium,92339,160000,13024,18000,184,160000,5,0,Positive,renagabe,4chan,0.6989700043,TRUE
Peru-Shining_Path,Caribbean_and_the_Americas,FALSE,FALSE,TRUE,FALSE,FALSE,FALSE,20,Archived,669,150000,NA,30,NA,NA,5,0,Positive,[deleted],communism,0.6989700043,TRUE
Syria,Middle_East_and_North_Africa,FALSE,TRUE,TRUE,FALSE,FALSE,FALSE,4,High,186500,7600000,4867560,60000,789944,2000000,5,0,Positive,omnis666,occupywallstreet,0.6989700043,TRUE
Myanmar,East_Asia_and_Australasia,FALSE,FALSE,FALSE,FALSE,TRUE,FALSE,30,Medium,17260,643000,NA,150,83177,640767,5,0,Positive,backpackwayne,Liberal,0.6989700043,TRUE
Philippines-MILF,East_Asia_and_Australasia,FALSE,FALSE,FALSE,FALSE,FALSE,TRUE,31,Low,73500,115772,NA,250,NA,115772,5,0,Positive,bluebirdybird,funny,0.6989700043,TRUE
Philippines-MILF,East_Asia_and_Australasia,FALSE,FALSE,FALSE,FALSE,FALSE,TRUE,31,Low,73500,115772,NA,250,NA,115772,5,0,Positive,Bernardito,AskHistorians,0.6989700043,TRUE
Egypt-Sinai,Middle_East_and_North_Africa,TRUE,FALSE,TRUE,FALSE,FALSE,FALSE,2,Medium,365,NA,NA,NA,NA,NA,5,0,Positive,alosia,Palestine,0.6989700043,TRUE
Peru-Shining_Path,Caribbean_and_the_Americas,FALSE,FALSE,TRUE,FALSE,FALSE,FALSE,20,Archived,669,150000,NA,14,NA,150000,6,0,Positive,[deleted],WTF,0.7781512504,TRUE
Moldova-Transnistria,Europe,FALSE,FALSE,FALSE,FALSE,FALSE,TRUE,23,Archived,1001,NA,NA,NA,NA,NA,6,0,Positive,mracidglee,UkrainianConflict,0.7781512504,TRUE
Mexico-Cartels,Caribbean_and_the_Americas,TRUE,TRUE,FALSE,FALSE,FALSE,FALSE,9,Medium,92339,160000,13024,18000,184,160000,6,0,Positive,gococks,CampingandHiking,0.7781512504,TRUE
Syria,Middle_East_and_North_Africa,FALSE,TRUE,TRUE,FALSE,FALSE,FALSE,4,High,186500,7600000,4867560,49000,2231802,6500000,7,0,Positive,Red0ctober,tolkienfans,0.84509804,TRUE
Peru-Shining_Path,Caribbean_and_the_Americas,FALSE,FALSE,TRUE,FALSE,FALSE,FALSE,20,Archived,669,150000,NA,30,NA,NA,7,0,Positive,happybadger,SubredditDrama,0.84509804,TRUE
Syria,Middle_East_and_North_Africa,FALSE,TRUE,TRUE,FALSE,FALSE,FALSE,4,High,186500,7600000,4867560,60000,789944,2000000,7,0,Positive,[deleted],RadicalChristianity,0.84509804,TRUE
Syria,Middle_East_and_North_Africa,FALSE,TRUE,TRUE,FALSE,FALSE,FALSE,4,High,186500,7600000,4867560,49000,2231802,6500000,7,0,Positive,SonOfMan11,conspiracy,0.84509804,TRUE
Yemen-Houthis-AQAP-SMM,Middle_East_and_North_Africa,FALSE,FALSE,TRUE,FALSE,FALSE,TRUE,6,High,11350,334100,NA,950,NA,306964,7,0,Positive,Lobozombie,Anarchism,0.84509804,TRUE
Peru-Shining_Path,Caribbean_and_the_Americas,FALSE,FALSE,TRUE,FALSE,FALSE,FALSE,20,Archived,669,150000,NA,14,NA,150000,7,0,VeryPositive,sangjmoon,Health,0.84509804,TRUE
Mexico-Cartels,Caribbean_and_the_Americas,TRUE,TRUE,FALSE,FALSE,FALSE,FALSE,9,Medium,92339,160000,13024,18000,184,160000,8,0,Positive,[deleted],politics,0.903089987,TRUE
Mexico-Cartels,Caribbean_and_the_Americas,TRUE,TRUE,FALSE,FALSE,FALSE,FALSE,9,Medium,92339,160000,13024,15000,NA,160000,9,0,Positive,byllz,AdviceAnimals,0.9542425094,TRUE
Central_Asia,Russia_and_Eurasia,TRUE,FALSE,TRUE,FALSE,FALSE,FALSE,16,Low,1188,70400,NA,10,NA,70400,9,0,Positive,avonhun,PoliticalHumor,0.9542425094,TRUE
Moldova-Transnistria,Europe,FALSE,FALSE,FALSE,FALSE,FALSE,TRUE,23,Archived,1001,NA,NA,NA,NA,NA,12,0,Positive,Leonisius,polandball,1.079181246,TRUE
Mexico-Cartels,Caribbean_and_the_Americas,TRUE,TRUE,FALSE,FALSE,FALSE,FALSE,9,Medium,92339,160000,13024,12000,568,160000,13,0,Positive,[deleted],guns,1.1139433523,TRUE
Georgia-South_Ossetia,Russia_and_Eurasia,FALSE,FALSE,FALSE,FALSE,FALSE,TRUE,25,Archived,1467,257000,NA,2,NA,NA,14,0,Positive,mangonel,funny,1.1461280357,TRUE
Philippines-MILF,East_Asia_and_Australasia,FALSE,FALSE,FALSE,FALSE,FALSE,TRUE,31,Low,73500,115772,NA,250,NA,115772,15,0,Positive,Yoratos,polandball,1.1760912591,TRUE
Syria,Middle_East_and_North_Africa,FALSE,TRUE,TRUE,FALSE,FALSE,FALSE,4,High,186500,7600000,4867560,60000,789944,2000000,16,0,Positive,oag721,doctorwho,1.2041199827,TRUE
Philippines-MILF,East_Asia_and_Australasia,FALSE,FALSE,FALSE,FALSE,FALSE,TRUE,31,Low,73500,115772,NA,175,NA,NA,17,0,Positive,Bernardito,AskHistorians,1.2304489214,TRUE
United_Kingdom-Northern_Ireland,Europe,TRUE,FALSE,TRUE,FALSE,FALSE,TRUE,46,Archived,3678,NA,NA,1,NA,NA,18,0,Positive,myrpou,vexillology,1.2552725051,TRUE
Yemen-Houthis-AQAP-SMM,Middle_East_and_North_Africa,FALSE,FALSE,TRUE,FALSE,FALSE,TRUE,6,High,11350,334100,NA,950,NA,306964,20,0,Positive,jacekplacek,Libertarian,1.3010299957,TRUE
Georgia-South_Ossetia,Russia_and_Eurasia,FALSE,FALSE,FALSE,FALSE,FALSE,TRUE,25,Archived,1467,257000,NA,NA,NA,257000,28,0,Positive,Rift28,polandball,1.4471580313,TRUE
Georgia-South_Ossetia,Russia_and_Eurasia,FALSE,FALSE,FALSE,FALSE,FALSE,TRUE,25,Archived,1467,257000,NA,NA,NA,257000,93,0,Positive,99639,EndlessWar,1.9684829486,TRUE
Syria,Middle_East_and_North_Africa,FALSE,TRUE,TRUE,FALSE,FALSE,FALSE,4,High,186500,7600000,4867560,49000,2231802,6500000,98,0,Positive,Smitty310,NorthKoreaNews,1.9912260757,TRUE
Egypt-Sinai,Middle_East_and_North_Africa,TRUE,FALSE,TRUE,FALSE,FALSE,FALSE,2,Medium,365,NA,NA,NA,NA,NA,173,0,Positive,bobbin_threadbare,IAmA,2.2380461031,TRUE
